product,protein,fat,carbs,calories,price,weight_per_100g,full_package_weight,is_promo,category
სტაფილო,0.9,0.2,9.6,41.0,1.65,100,,0,ბოსტნეული
კომბოსტო,1.3,0.1,5.8,25.0,0.75,100,,0,ბოსტნეული
ხახვი,1.1,0.1,9.3,40.0,1.0,100,,0,ბოსტნეული
პომიდორი იმპ,0.9,0.2,3.9,18.0,5.45,100,,0,ბოსტნეული
ჭარხალი,1.6,0.2,9.6,43.0,1.25,100,,0,ბოსტნეული
ნიორი ქართული,6.4,0.5,33.1,149.0,6.75,100,,0,ბოსტნეული
ბადრიჯანი,1.0,0.2,5.9,25.0,5.85,100,,0,ბოსტნეული
პომიდორი ვარისფერი იმპ.,1.5,0.2,7,35,6.35,100,,0,ბოსტნეული
კიტრი იმპ.,1.5,0.1,3.6,15.0,4.65,100,,0,ბოსტნეული
კომბოსტო ყვავილოვანი იმპ.,1.9,0.3,4.9,25.0,3.95,100,,0,ბოსტნეული
ბულგარული წიწაკა იმპ.,0.9,0.2,4.6,20.0,5.95,100,,0,ბოსტნეული
"კარტოფილი ""ჰერბია""",2.0,0.1,17.5,77.0,7.9,100,,0,ბოსტნეული
კარტოფილი,2.0,0.1,17.5,77.0,1.55,100,,0,ბოსტნეული
ქამა სოკო,3.1,0.3,3.3,22.0,5.95,100,,0,ბოსტნეული
ყაბაყი იმპ.,1.2,0.3,3.1,17.0,2.99,100,,0,ბოსტნეული
ბურგალური წიწაკა წითელი იმპ.,1.0,0.3,6.0,31.0,7.45,100,,0,ბოსტნეული
ბანანი,1.1,0.3,22.8,89.0,3.85,100,,0,ხილი
ვაშლი გოლდენი,0.3,0.2,13.8,57.0,2.85,100,,0,ხილი
ვაშლი წითელი,0.3,0.2,13.8,52.0,2.65,100,,0,ხილი
კივი იმპ.,1.1,0.5,14.7,51.0,6.65,100,,0,ხილი
ბროწეული,1.7,1.2,18.7,83.0,5.45,100,,0,ხილი
ვაშლი მწვანე,0.8,0.2,14.0,52.0,3.95,100,,0,ხილი
კომში,0.4,0.1,15.3,57.0,5.75,100,,0,ხილი
გოგრა,1.0,0.1,6.5,26.0,1.35,100,,0,ხილი
პომელო,0.8,0.04,9.6,38.0,4.49,100,,0,ხილი
მსხალი,0.4,0.1,15.2,57.0,5.45,100,,0,ხილი
ანანასი იმპ.,0.5,0.1,13.1,50.0,12.99,100,,0,ხილი
"კამა ""ჰერბია""",1.3,0.1,5.8,25.0,0.95,100,,0,მწვანილები
"ოხრახუში ""ჰერბია""",3.0,0.8,6.3,36.0,0.95,100,,0,მწვანილები
ნიახური,2.5,0.5,3.5,16.0,0.95,100,,0,მწვანილები
მწვანე სალათი,0.9,0.1,3.0,14.0,4.8,100,,0,მწვანილები
"ქინძი ""ჰერბია""",2.1,0.5,3.7,23.0,0.95,100,,0,მწვანილები
"სალათის ფურცელი ""ჰერბია""",1.2,0.3,3.3,17.0,2.9,100,,0,მწვანილები
"მწვანე ხახვი ""ჰერბია""",1.8,0.2,7.3,32.0,1.5,100,,0,მწვანილები
"რუკოლა ""ჰერბია""",2.6,0.7,3.7,25.0,1.8,100,,0,მწვანილები
ფორთოხალი,0.9,0.1,11.8,47.0,3.45,100,,0,ციტრუსი
გრეიფუტი იმპ.,0.8,0.1,10.7,42.0,3.85,100,,0,ციტრუსი
ლიმონი იმპ.,1.1,0.3,9.3,29.0,2.75,100,,0,ციტრუსი
მანდარინი,0.8,0.3,13.3,53.0,4.5,100,,0,ციტრუსი
"ძმარი ღვინის ""ოდა"" სუფრის",0,0,5,20,2.4,,500.0,0,ძმარი
"ძმარი ვაშლის ""გემო""",0,0,5,20,3.5,,500.0,0,ძმარი
"ძმარი ღვინის ""ოდა"" ნატურალური",0,0,5,20,2.65,,500.0,0,ძმარი
"სოუსი ლიმონის ""გემო""",0,0,5,20,3.5,,500.0,0,ძმარი
"შაქარი ""ზოგე""",0,0,100,387,1.95,,1000,0,შაქარი
"შაქარი ""ზოგე""",0,0,100,387,3.99,,2000.0,0,შაქარი
"შაქრის პუდრა ""იამუნა""",0,0,100,387,1.6,,100.0,0,შაქარი
"შაქარი ყავისფერი ""ლერწმის""",0,0,100,387,5.49,,800.0,0,შაქარი
"შაქარი ნატეხი ""აზერ შაქარი""",0,0,100,387,1.8,,150.0,0,შაქარი
"მარილი ""ზოგე"" სუფრის",0,0,0,0,0.95,,1000,0,მარილი
"მარილი ""ზოგე"" იოდიზირებული",0,0,0,0,0.85,,750.0,0,მარილი
"მარილი ""ჯეო"" სვანური",0,0,0,0,1.5,,50.0,0,მარილი
"მარილი ""ზოგე"" იოდიზირებული (პლ)",0,0,0,0,2.5,,500.0,0,მარილი
"მარილი ""ჰიმალაი"" მუყაო",0,0,0,0,5.75,,400.0,0,მარილი
"მაკარონი ""რეგია"" სპაგეტი",12,1.5,71,350,4.1,,500.0,0,მაკარონი
"მაკარონი ""რეგია"" ფუსილი",12,1.5,71,350,4.1,,500.0,0,მაკარონი
"""დონა კიარა"" ნიჟარა",12,1.5,71,350,3.5,,500.0,0,მაკარონი
"""დონა კიარა"" ფუსილი",12,1.5,71,350,3.5,,500.0,0,მაკარონი
"""დონა კიარა"" პენე რიგატე",12,1.5,71,350,3.5,,500.0,0,მაკარონი
"""პასტა დი რიზი"" ფარფალე",12,1.5,71,350,0.99,,400.0,0,მაკარონი
"""დონა კიარა"" ფეტუჩი",12,1.5,71,350,4.95,,500.0,0,მაკარონი
"""პასტა დი რიზი"" პენე რიგატე",12,1.5,71,350,0.99,,400.0,0,მაკარონი
"""რეგია"" ვერმიშელი",12,1.5,71,350,4.1,,500.0,0,მაკარონი
"""პასტა დი რიზი"" ვერმიშელი",12,1.5,71,350,0.99,,400.0,0,მაკარონი
"""დონა კიარა"" სპაგეტი",12,1.5,71,350,3.5,,500.0,0,მაკარონი
"""პასტა დი როზი"" სპაგეტი",12,1.5,71,350,0.99,,400.0,0,მაკარონი
"""დონა კიარა: ლაზანიას ფირფიტები",12,1.5,71,350,6.5,,500.0,0,მაკარონი
"მანანის ბურღულეული ""სონიშკო""",10,2.5,72,355,2.9,,500.0,0,მარცვლეული და ბურღულეული
"მანანის ბურღულეული ""ალტაისკაია სკაზა""",10,2.5,72,355,2.6,,700.0,0,მარცვლეული და ბურღულეული
"ბრინჯი ბასმათი ""ლალქილა""",7,1,78,350,8.95,,1000,0,მარცვლეული და ბურღულეული
"ბრინჯი გრძელი ""ზოგე""",3.2,3.2,4.8,60,2.5,,1000,0,მარცვლეული და ბურღულეული
"ბრიჯი დაორთქლილი ""ზოგე""",10,2.5,72,355,2.55,,1000,0,მარცვლეული და ბურღულეული
"ბრიჯი მრგვალი ""ზოგე""",10,2.5,72,355,1.95,,500.0,0,მარცვლეული და ბურღულეული
"წიწიბურა ""ზოგე""",13,3.4,70,343,2.05,,1000,0,მარცვლეული და ბურღულეული
"წიწიბურა ""ალტაისკაია სკაზა""",13,3.4,70,343,3.95,,800.0,0,მარცვლეული და ბურღულეული
"ლობიო ""ზოგე""",8.7,0.5,22,127,4.9,,1000,0,მარცვლეული და ბურღულეული
"ლობიო გურულა ""ზოგე""",8.7,0.5,22,127,6.85,,800.0,0,მარცვლეული და ბურღულეული
"კუსკუსი ""ნატურალსი""",10,2.5,72,355,5.5,,350.0,0,მარცვლეული და ბურღულეული
"ოსპი ""ზოგე""",10,2.5,72,355,4.5,,800.0,0,მარცვლეული და ბურღულეული
"ბარდა ""ალტაისკაია სკაზა""",10,2.5,72,355,2.55,,800.0,0,მარცვლეული და ბურღულეული
"ჩია ""ჯეო""",10,2.5,72,355,3.2,,80.0,0,მარცვლეული და ბურღულეული
"სელი ""ჯეო""",10,2.5,72,355,2.2,,80.0,0,მარცვლეული და ბურღულეული
"ფანტელი სიმინდის ""ვიტბა""",1.5,0.2,78.0,360.0,3.95,,350.0,0,ფანტელი და მიუსელი
"ფანტელი შვრიის ""სოლნიშკო""",7.0,1.2,60.0,380.0,3.35,,500.0,0,ფანტელი და მიუსელი
"ფანტელი შვრიის ""სოლნიშკო"" ქლიავით",6.0,0.9,60.0,360.0,1.25,,45.0,0,ფანტელი და მიუსელი
"ფანტელი შვრიის ""სოლნიშკო"" ალუბლის",5.0,0.9,67.0,360.0,1.25,,45.0,0,ფანტელი და მიუსელი
"ფანტელი შვრიის ""სოლნიშკო""",7.0,1.2,60.0,380.0,3.6,,350.0,0,ფანტელი და მიუსელი
"ფანტელი შვრიის ""კრუპნო""",6.0,0.0,59.0,360.0,2.85,,500.0,0,ფანტელი და მიუსელი
"ფანტელი შვრიის ""სოლნიშკო"" 5 მარცვალი",3.0,0.57,63.0,340.0,3.95,,400.0,0,ფანტელი და მიუსელი
"ფანტელი შვრიის ""სოლნიშკო"" გარგარი",5.5,0.9,58.0,350.0,4.95,,300.0,0,ფანტელი და მიუსელი
"ფანტელი შვრიის ""სოლნიშკო"" ქლიავით",6.0,0.9,60.0,360.0,4.95,,300.0,0,ფანტელი და მიუსელი
"მზა საუზმე ""აქსა"" ხრაშუნა ბატონი შოკოლადით მარწყვი იოგურტი",10.8,7.4,67.6,365.3,1.5,,25.0,0,ფანტელი და მიუსელი
"მზა საუზმე ""აქსა"" ხრაშუნა ბატონი შოკოლადით და თხილით",18.4,8.7,58.7,436.0,0.99,,25.0,0,ფანტელი და მიუსელი
"მიუსლი ""სტარტი"" გარგარის ჩირი და ქიშმიში",9.64,5.4,63.54,384.0,8.65,,375.0,0,ფანტელი და მიუსელი
"მიუსლი ""აქსა"" თაფლი და კენკრა",13.5,8.2,63.1,395.9,7.95,,330.0,0,ფანტელი და მიუსელი
"მიუსლი ""კრუპნო"" კენკრით",5.0,0.8,62.0,340.0,2.95,,300.0,0,ფანტელი და მიუსელი
"ფანტელი წიწიბურის ""კრუპნო""",2.0,0.7,69.0,340.0,3.5,,400.0,0,ფანტელი და მიუსელი
"ფანტელი შვრიის ""სოლნიშკო"" კლასიკური",7.0,1.2,60.0,380.0,2.65,,325.0,0,ფანტელი და მიუსელი
"მიუსლი ""აქსა"" თაფლი და კენკრა",13.5,8.2,63.1,395.9,3.75,,150.0,0,ფანტელი და მიუსელი
"მიუსლი ""კრუპნო"" ხილით",2.5,0.8,66.0,320.0,4.1,,300.0,0,ფანტელი და მიუსელი
"ვანილი ""იამუნია""",8,1,75,350,0.4,,2.0,0,საცხობი საშუალებები
"გასაფხვიერებელი ცომის ""იამუნია""",8,1,75,350,0.55,,18.0,0,საცხობი საშუალებები
"ვანილი ""კენტი""",8,1,75,350,0.25,,5.0,0,საცხობი საშუალებები
"საფუარი მშრალი ""იუვა""",8,1,75,350,1.45,,80.0,0,საცხობი საშუალებები
"ლიმონმჟავა ""იამუნია""",8,1,75,350,1.2,,20.0,0,საცხობი საშუალებები
"ჟელატინი ""იამუნია""",8,1,75,350,2.1,,15.0,0,საცხობი საშუალებები
სოდა საკვები,8,1,75,350,1.5,,500.0,0,საცხობი საშუალებები
"სანელებლები დარიჩინი ""იამუნა"" დაფქვილი",8,1,75,350,1.65,,15.0,0,საცხობი საშუალებები
"სახამებელი კარტოფილის ""იამუნია""",2,0.1,17.5,77,3.55,,200.0,0,საცხობი საშუალებები
"ფქვილი ხორბლის ""ფაველი"" უ/ხ",8,1,75,350,4.35,,2000.0,0,საცხობი საშუალებები
"ფქვილი ხორბლის ""ზოგე"" უ/ხ",8,1,75,350,3.9,,2000.0,0,საცხობი საშუალებები
ფქვილი სიმინდის უ/ხ,8,1,75,350,4.6,,500,0,საცხობი საშუალებები
"ფქვილი ხორბლის ""ზოგე"" უ/ხ",8,1,75,350,2.2,,500,0,საცხობი საშუალებები
ღერღილი სიმინდის უ/ხ,8,1,75,350,4.6,,500,0,საცხობი საშუალებები
"ფქვილი ხორბლის ""ზოგე"" უ/ხ",8,1,75,350,3.7,,2000.0,0,საცხობი საშუალებები
"კაკაო ""იამუნია"" შავი",8,1,75,350,2.35,,25.0,0,საცხობი საშუალებები
"კაკაო ""როსიისკი""",8,1,75,350,7.45,,100.0,0,საცხობი საშუალებები
"სანელებლები დარიჩინი ""ჯეო"" დაფქვილი",8,1,75,350,0.55,,1.0,0,საცხობი საშუალებები
"ფქვილი ხორბლის ""ჟარკოფი"" უ/ხ",8,1,75,350,4.35,,2000.0,0,საცხობი საშუალებები
"ვერმიშელი ""დოშირაკი"" საქონლის",8,15,45,350,1.15,,70.0,0,სწრაფად მოსამზადებელი საკვები
"ვერმიშელი ""დოშირაკი"" სოკოთი",8,15,45,350,1.15,,70.0,0,სწრაფად მოსამზადებელი საკვები
"ვერმიშელი ""დოშირაკი"" ქათმის",8,15,45,350,1.15,,70.0,0,სწრაფად მოსამზადებელი საკვები
"ვერმიშელი ""რონდო"" ქათმის",8,15,45,350,0.85,,50.0,0,სწრაფად მოსამზადებელი საკვები
"ვერმიშელი ""რონდო"" ქათმის ცხარე",8,15,45,350,0.85,,50.0,0,სწრაფად მოსამზადებელი საკვები
"ლაფშა ""დოშირაკი"" საქონლის (თეფში)",8,15,45,350,2.4,,90.0,0,სწრაფად მოსამზადებელი საკვები
"ლაფშა ""დოშირაკი"" ქათმის (თეფში)",8,15,45,350,2.4,,90.0,0,სწრაფად მოსამზადებელი საკვები
"ჟელე ""იამუნია"" ჟოლოს",8,15,45,350,2.65,,900.0,0,სწრაფად მოსამზადებელი საკვები
"ჟელე ""იამუნია"" ალუბლის",8,15,45,350,2.65,,900.0,0,სწრაფად მოსამზადებელი საკვები
"კისელი ""რუსკი პროდუქტ"" ჟოლოს",8,15,45,350,2.75,,220.0,0,სწრაფად მოსამზადებელი საკვები
"კისელი ""რუსკი პროდუქტ"" ალუბლის",8,15,45,350,2.75,,220.0,0,სწრაფად მოსამზადებელი საკვები
"მაიონეზი ""სლობოდა"" პროვანსალი 67%",1.5,30,5,300,4.2,,200.0,0,მაიონეზი & სოუსები
"მაიონეზი ""სლობოდა"" ოლივკოვი 67%",1.5,30,5,300,4.1,,200.0,0,მაიონეზი & სოუსები
"მაიონეზი ""სლობოდა"" ოლივკოვი 67%",1.5,30,5,300,8.1,,400.0,0,მაიონეზი & სოუსები
"მაიონეზი ""ქართული"" სამარხვო 50%",1.5,30,5,300,1.9,,200.0,0,მაიონეზი & სოუსები
"მაიონეზი ""ქართული"" პროვონსალი 67%",1.5,30,5,300,1.95,,200.0,0,მაიონეზი & სოუსები
"მაიონეზი ""სლობოდა"" პროვანსალი 67%",1.5,30,5,300,8.25,,400.0,0,მაიონეზი & სოუსები
"მაიონეზი ""სლობოდა"" არაჟნით",1.5,30,5,300,8.7,,400.0,0,მაიონეზი & სოუსები
"მაიონეზი ""სლობოდა"" სამარხვო 56%",1.5,30,5,300,8.1,,400.0,0,მაიონეზი & სოუსები
"მაიონეზი ""გურმე"" პროვანსალი",1.5,30,5,300,4.95,,350.0,0,მაიონეზი & სოუსები
"მაიონეზი ""გურმე"" ოლვიკოვი",1.5,30,5,300,4.95,,350.0,0,მაიონეზი & სოუსები
"კეტჩუპი ""კალვე"" ტომატის",1.5,30,5,300,2.75,,350.0,0,მაიონეზი & სოუსები
"კეტჩუპი ""კალვე"" მექსიკური ტაბასკო",1.5,30,5,300,2.75,,350.0,0,მაიონეზი & სოუსები
"კეტჩუპი ""ქართული"" სამწვადე",1.5,30,5,300,1.5,,200.0,0,მაიონეზი & სოუსები
"კეტჩუპი ""ქართული"" ცხარე",1.5,30,5,300,1.5,,200.0,0,მაიონეზი & სოუსები
"ტყემალი ""მარნეული"" მწვანე",1.5,30,5,300,6.5,,530.0,0,მაიონეზი & სოუსები
"ტყემალი ""მარნეული"" ტრადიციული",1.5,30,5,300,6.5,,530.0,0,მაიონეზი & სოუსები
"ტყემალი ""ოდა"" მწვანე",1.5,30,5,300,4.95,,500.0,0,მაიონეზი & სოუსები
"ტყემალი ""ოდა"" წითელი",1.5,30,5,300,4.95,,500.0,0,მაიონეზი & სოუსები
"საწებელი პამიდოვრის ""ოდა""",1.5,30,5,300,4.95,,500.0,0,მაიონეზი & სოუსები
"სოუსი ""ასტორია"" ყველით",25,27,1,350,3.95,,233.0,0,მაიონეზი & სოუსები
"სოუსი ""ჯაკომო"" ჩილი ცხარე",1.5,30,5,300,1.5,,220.0,0,მაიონეზი & სოუსები
"საწებელი პომიდვრის ""მარნეული"" ცოცხალი",1.5,30,5,300,4.95,,535.0,0,მაიონეზი & სოუსები
"სოუსი ""ასტორია"" ცეზარი ყვითელი",1.5,30,5,300,3.95,,200.0,0,მაიონეზი & სოუსები
"სოუსი ""ასტორია"" ბურგერის",1.5,30,5,300,3.95,,200.0,0,მაიონეზი & სოუსები
"სოუსი ""ასტორია"" ტერიაკი",1.5,30,5,300,3.95,,200.0,0,მაიონეზი & სოუსები
"სოუსი ""ასტორია"" ტკბილ-მჟავე",1.5,30,5,300,3.95,,200.0,0,მაიონეზი & სოუსები
"სოუსი ""ჰეფი მამ"" სოიოს",1.5,30,5,300,5.5,,500.0,0,მაიონეზი & სოუსები
"მდოგვი ""ლიდერ ფუდი""",1.5,30,5,300,0.75,,50.0,0,მაიონეზი & სოუსები
"სოუსი ""ასტორია"" სენდვიჩის",1.5,30,5,300,3.95,,200.0,0,მაიონეზი & სოუსები
"თაფლი ""თაფლი სახლში"" ცაცხვის და ყვავილების (პლ. ბოთ.)",0.3,0,82,304,9.95,,400.0,0,"თაფლი, მურაბა & ჯემი"
"თაფლი ""თაფლი სახლში"" ცაცხვის და ყვავილების",0.3,0,82,304,19.75,,350,0,"თაფლი, მურაბა & ჯემი"
"თაფლი ""ჰობი"" (პაკ)",0.3,0,82,304,10.75,,400.0,0,"თაფლი, მურაბა & ჯემი"
"თაფლი ""თაფლი სახლში"" ცაცხვის და ყვავილების",0.3,0,82,304,10.5,,420.0,0,"თაფლი, მურაბა & ჯემი"
მურაბა ჯოლოს,0.4,0,65,250,4.95,,200.0,0,"თაფლი, მურაბა & ჯემი"
ფანტელი სიმინდის ”სტარტი” შოკოლადის ბურთები,5,31,60,546,3.95,,150.0,0,სიმინდის ფანტელი
ფანტელი სიმინდის ”სტარტი” შოკოლადის ბურთები,5,31,60,546,10.65,,500.0,0,სიმინდის ფანტელი
ფანტელი სიმინდის ”სტარტი” დუო,7,1,80,357,9.95,,500.0,0,სიმინდის ფანტელი
"ფანტელი სიმინდის ""სტარტი"" შოკოლადის ბალიშებით",5,31,60,546,10.75,,500.0,0,სიმინდის ფანტელი
"ფანტელი სიმინდის ""სტარტი"" ნატურალური",7,1,80,357,10.95,,500.0,0,სიმინდის ფანტელი
"ძეხვი ნედლად შებოლილი ""ლიდერ ფუდი"" ტოსკანა",14,26,2,300,7.6,100,,0,ძეხვეული
"სოსისი ""ბიუ ბიუ"" ივერია ქათმის",12,22,2.5,260,7.95,100,,0,ძეხვეული
"სოსისი ""ლიდერ ფუდი"" ივერია ტკაცუნა სპეცი",12,22,2.5,260,14.5,100,,0,ძეხვეული
"ძეხვი ნედლად შებოლილი ""პრემიო"" პეპერონი",14,26,2,300,18.95,100,,0,ძეხვეული
"ძეხვი ნედლად შებოლილი ""ლიდერ ფუდი"" ტოსკანა",14,26,2,300,19.95,100,,0,ძეხვეული
"ძეხვი ნედლად შებოლილი ""პრემიო"" ჩორიზო",14,26,2,300,18.95,100,,0,ძეხვეული
"ძეხვი ნედლად შებოლილი ""პრემიო"" ჩორიზო",14,26,2,300,9.5,100,,0,ძეხვეული
"ძეხვი ნედლად შებოლილი ""პრემიო"" პეპერონი",14,26,2,300,9.5,100,,0,ძეხვეული
"ძეხვი ნედლად შებოლილი ""ლიდერ ფუდი"" პეპერონი",14,26,2,300,19.95,100,,0,ძეხვეული
"ძეხვი ნედლად შებოლილი ""ლიდერ ფუდი"" ნაპოლი",14,26,2,300,19.95,100,,0,ძეხვეული
"ძეხვი ნედლად შებოლილი ""ლიდერ ფუდი"" ნაპოლი",14,26,2,300,6.66,100,,0,ძეხვეული
"ძეხვი ნედლად შებოლილი ""ლიდერ ფუდი"" პეპერონი",14,26,2,300,6.55,100,,0,ძეხვეული
"ძეხვი მოხარშული ""ბიუ ბიუ"" საექიმო ქათმის",14,26,2,300,4.95,100,,0,ძეხვეული
"ინდაურის პაშტეტი "" პროფი""",14,26,2,300,3.5,100,,0,ძეხვეული
"სოსისი ""ლიდერ ფუდი"" დელიკატესი დე რომა",12,22,2.5,260,13.95,100,,0,ძეხვეული
"ძეხვი შებოლილი ""პრემიო"" სერველატი ექსტრა",14,26,2,300,7.65,100,,0,ძეხვეული
"ძეხვი შებოლილი ""ლიდერ ფუდი"" სალიამი",14,26,2,300,8.95,100,,0,ძეხვეული
"ძეხვი შებოლილი ""პრემიო"" მონადირული",14,26,2,300,2.8,100,,0,ძეხვეული
"ძეხვი შებოლილი ""ლიდერ ფუდი"" სერველატი ფინური",14,26,2,300,9.95,100,,0,ძეხვეული
"ძეხვი შებოლილი ""პრემიო"" სერველატი ექსტრა",14,26,2,300,5.1,100,,0,ძეხვეული
"ძეხვი შებოლილი ""პრემიო"" მონადირული",14,26,2,300,5.49,100,,0,ძეხვეული
"ძეხვი შებოლილი ""ლიდერ ფუდი"" სერველატი ვენური 480გრ",14,26,2,300,9.95,100,,0,ძეხვეული
"ძეხვი შებოლილი ""ლიდერ ფუდი"" სერველატი ფინური",14,26,2,300,6.45,100,,0,ძეხვეული
"ძეხვი შებოლილი ""ლიდერ ფუდი"" მონადირული ლუდისთვის",14,26,2,300,7.95,100,,0,ძეხვეული
"ძეხვი შებოლილი ""ლიდერ ფუდი"" მონადირული ლუდისთვის",14,26,2,300,5.95,100,,0,ძეხვეული
"ძეხვი შებოლილი ""პრემიო"" სერველატი ექსტრა",14,26,2,300,11.6,100,,0,ძეხვეული
"ძეხვი შებოლილი ""ლიდერ ფუდი"" კრაკოვური",14,26,2,300,6.55,100,,0,ძეხვეული
"ძეხვი შებოლილი ""შირნჰოფერი"" ვენური",14,26,2,300,9.45,100,,0,ძეხვეული
სოსისი „საოჯახო“ რძიანი,12,22,2.5,260,4.35,100,,0,ძეხვეული
"სოსისი ""პრემიო"" გერმანული",12,22,2.5,260,5.2,100,,0,ძეხვეული
"სოსისი ""პრემიო"" რძიანი",12,22,2.5,260,4.9,100,,0,ძეხვეული
"სოსისი ""პრემიო"" კანადური",12,22,2.5,260,4.65,100,,0,ძეხვეული
"სოსისი ""ლიდერ ფუდი"" გაუდას ყველით",25,27,1,350,9.85,100,,0,ძეხვეული
"სოსისი ""ლიდერ ფუდი"" ბავარიული",12,22,2.5,260,8.95,100,,0,ძეხვეული
"სოსისი ""ლიდერ ფუდი"" სასკოლო",12,22,2.5,260,8.95,100,,0,ძეხვეული
"ძეხვი ნედლად შებოლილი ""ალანი"" სერველატი დაჭრილი",14,26,2,300,6.95,100,,0,ძეხვეული
"ძეხვი ნედლად შებოლილი ""ალანი"" საქონლის დაჭრილი",14,26,2,300,6.95,100,,0,ძეხვეული
"ძეხვი ნედლად შებოლილი ""ჩერქიზოვი"" ონეჟსკაია",14,26,2,300,13.95,100,,0,ძეხვეული
"ძეხვი ნედლად შებოლილი ""ალანი"" სერველატი",14,26,2,300,24.95,100,,0,ძეხვეული
"ძეხვი ნედლად შებოლილი ""ლიდერ ფუდი"" პიკოლინო",14,26,2,300,9.95,100,,0,ძეხვეული
"ძეხვი ნედლად შებოლილი ""ალანი"" ზერნისტი",14,26,2,300,24.95,100,,0,ძეხვეული
"ძეხვი ნედლად შებოლილი ""ჩერქიზოვი"" სალიამი ასტორია",14,26,2,300,13.95,100,,0,ძეხვეული
"სოსისი ""პრემიო"" ივერია",12,22,2.5,260,6.95,100,,0,ძეხვეული
"სოსისი ""ლიდერ ფუდი"" ივერია საქონლის",12,22,2.5,260,9.95,100,,0,ძეხვეული
"სოსისი ""ლიდერ ფუდი"" ივერია",12,22,2.5,260,9.4,100,,0,ძეხვეული
"ძეხვი მოხარშული ""შირნჰოფერი"" საექიმო",14,26,2,300,9.55,100,,0,ძეხვეული
"ძეხვი მოხარშული ""პრემიო"" გერმანული",14,26,2,300,9.45,100,,0,ძეხვეული
"ძეხვი მოხარშული ""ლიდერ ფუდი"" საექიმო",14,26,2,300,5.35,100,,0,ძეხვეული
"ძეხვი მოხარშული ""პრემიო"" საექიმო",14,26,2,300,4.65,100,,0,ძეხვეული
"ძეხვი მოხარშული ""ლიდერ ფუდი"" მოყვარულთა",14,26,2,300,5.35,100,,0,ძეხვეული
"ძეხვი მოხარშული ""ლიდერ ფუდი"" საექიმო",14,26,2,300,11.95,100,,0,ძეხვეული
"ძეხვი მოხარშული ""ლიდერ ფუდი"" მოყვარულთა",14,26,2,300,12.95,100,,0,ძეხვეული
"სოსისი ""ლიდერ ფუდი"" სპეც-ივერია",12,22,2.5,260,12.95,100,,0,ძეხვეული
"სარდელი ""ლიდერ ფუდი"" ბავარიული",14,26,2,300,9.95,100,,0,ძეხვეული
"სოსისი გრილისთვის ""ლიდერ ფუდი"" ემენტალის ყველით 300გრ",25,27,1,350,12.95,100,,0,ძეხვეული
"სოსისი გრილისთვის ""ლიდერ ფუდი"" ბავარიული",12,22,2.5,260,11.95,100,,0,ძეხვეული
"შაშხი ""ლიდერ ფუდი"" ბავარიული",14,26,2,300,18.45,100,,0,ძეხვეული
"შაშხი ""ლიდერ ფუდი"" ღორის ბარკლის",27,14,0,242,14.85,100,,0,ძეხვეული
"შაშხი ""ლიდერფუდი"" რულეტი ღორის 300გრ",27,14,0,242,8.2,100,,0,ძეხვეული
"პაშტეტი ""შირნჰოფერი""",14,26,2,300,6.45,100,,0,ძეხვეული
"ბეკონი მოხარშული ""შირნჰოფერი"" შტირიული",12,42,1.5,450,11.55,100,,0,ძეხვეული
"ბეკონი ""შირნჰოფერი"" დაჭრილი",12,42,1.5,450,11.25,100,,0,ძეხვეული
"კვერცხი ""ზოგე"" ქათმის /1",12.6,10.6,1.1,155,4.7,,50.0,0,კვერცხი
"კვერცხი ""კოდა"" ქათმის /0",12.6,10.6,1.1,155,5.95,,500.0,0,კვერცხი
"კვერცხი ""კუმისი"" ქათმის /0",12.6,10.6,1.1,155,6.25,,500.0,0,კვერცხი
"კვერცხი ""კუმისის ფერმერი"" ქათმის",12.6,10.6,1.1,155,6.35,,10.0,0,კვერცხი
"კვერცხი ""კუმისი"" ქათმის /1",12.6,10.6,1.1,155,6.1,,50.0,0,კვერცხი
"ყველი ""პრეზიდენტი"" ლაბნე",25,27,1,350,10.65,100,,0,ყველი
"ყველის მაგვარი ""სვანური"" სახაჭაპურე",25,27,1,350,6.95,100,,0,ყველი
"ყველი ""სანებო"" ქარხნული",25,27,1,350,19.6,100,,0,ყველი
"ყველი ""ალპური ჯავახეთის ყველი"" სულგუნი",20,22,0.5,285,12.95,100,,0,ყველი
"ყველი ""პრეზიდენტი"" ლაბნე",25,27,1,350,6.2,100,,0,ყველი
"მდნარი ყველი ""პრეზიდენტი"" ჩიზბურგერი /ფენა/",25,27,1,350,8.45,100,,0,ყველი
"მდნარი ყველი ""პრეზიდენტი"" ლორით /ფენა/",25,27,1,350,8.45,100,,0,ყველი
"მდნარი ყველი ""პრეზიდენტი"" ნაღების /ფენა/ 150გრ",25,27,1,350,8.45,100,,0,ყველი
"მდნარი ყველი ""პრეზიდენტი"" ნაღების /ვანა/",25,27,1,350,8.95,100,,0,ყველი
"კრემ ყველი ""პრეზიდენტი""",25,27,1,350,9.55,100,,0,ყველი
"ყველი ""პრეზიდენტი"" მოცარელა",25,27,1,350,29.75,100,,0,ყველი
"ყველი ""პრეზიდენტი"" გაუდა დაჭრილი",25,27,1,350,11.45,100,,0,ყველი
"ყველი ""პრეზიდენტი"" ედამი დაჭრილი",25,27,1,350,11.45,100,,0,ყველი
"ყველი ""პრეზიდენტი"" ლაბნე ზეთისხილით",25,27,1,350,6.35,100,,0,ყველი
"ყველი ""პრეზიდენტი"" მაზდამი 150გრ",25,27,1,350,11.45,100,,0,ყველი
"ყველი ""გალბანი"" გრანგუსტო",25,27,1,350,15.95,100,,0,ყველი
"ყველი ""ხიზა"" ქარხნული 500გრ",25,27,1,350,11.5,100,,0,ყველი
"ყველი ""წიფორა სამცხე"" ქარხნული",25,27,1,350,13.7,100,,0,ყველი
"ყველი ""წიფორა სამცხე"" სულგუნი შებოლილი დაწნული",20,22,0.5,285,1.2,100,,0,ყველი
"ყველი ""წიფორა სამცხე"" სულგუნი შებოლილი დაწნული 60გრ",20,22,0.5,285,2.9,100,,0,ყველი
"ყველი ""წიფორა სამცხე"" შებოლილი ჩხირები",25,27,1,350,2.25,100,,0,ყველი
"ყველი ""ხიზა"" სულგუნი",20,22,0.5,285,11.5,100,,0,ყველი
"ყველი ""წიფორა სამცხე"" სულგუნი შებოლილი",20,22,0.5,285,13.8,100,,0,ყველი
"ყველი ""წიფორა სამცხე"" სულგუნი",20,22,0.5,285,13.35,100,,0,ყველი
"ყველი ""წიფორა სამცხე"" იმერული 600გრ",18,17,1,240,12.35,100,,0,ყველი
"ყველი ""ხიზა"" იმერული",18,17,1,240,10.45,100,,0,ყველი
"მდნარი ყველი ""პრეზიდენტი"" ლორით /ვანა/",25,27,1,350,8.95,100,,0,ყველი
"ყველი ""ლერდამერი"" დაჭრილი",25,27,1,350,10.35,100,,0,ყველი
"მარგარინი ""ბიზიმი""",0.5,60,1,540,2.1,,250.0,0,კარაქი & სპრედი
"მარგარინი ""უსტამი""",0.5,60,1,540,1.9,,250.0,0,კარაქი & სპრედი
"კარაქი ""პრეზიდენტი"" ნაღების 82%",2.5,20,3.5,200,11.65,,200.0,0,კარაქი & სპრედი
"კარაქი ""ფერმა"" ნაღების 82.5%",2.5,20,3.5,200,10.95,,200.0,0,კარაქი & სპრედი
"კარაქი ""პრეზიდენტი"" ნაღების 82%",2.5,20,3.5,200,23.95,,400.0,0,კარაქი & სპრედი
"სპრედი ""ოდა"" 82%",0.9,81,0.1,717,2.6,,200.0,0,კარაქი & სპრედი
"სპრედი ""ოდა"" 82%",0.9,81,0.1,717,9.95,,850.0,0,კარაქი & სპრედი
"ერბო ""ტექსუნი""",0.9,81,0.1,717,11.95,,910.0,0,კარაქი & სპრედი
"მარგარინი ""ვიტამი""",0.5,60,1,540,2.35,,250.0,0,კარაქი & სპრედი
"მარგარინი ""დაჩა""",0.5,60,1,540,5.4,,400.0,0,კარაქი & სპრედი
"მარგარინი ""ონა""",0.5,60,1,540,2.25,,250.0,0,კარაქი & სპრედი
"რძე ""დომიკ ვ დერევნე"" ულტრაპასტერიზებული 2,5%",3.2,3.2,4.8,60,5.65,100,,0,რძე & ნაღები
"რძე საბავშვო ""სოფლის ნობათი"" ულტრაპასტერიზებული 2,5%",3.2,3.2,4.8,60,5.85,100,,0,რძე & ნაღები
"რძე ""დომიკ ვ დერევნე"" ულტრაპასტერიზებული 3,2%",3.2,3.2,4.8,60,5.8,100,,0,რძე & ნაღები
"რძე ""დომიკ ვ დერევნე"" 6%",3.2,3.2,4.8,60,5.95,100,,0,რძე & ნაღები
"რძე ""დომიკ ვ დერევნე"" ულტრაპასტერიზებული 1,5%",3.2,3.2,4.8,60,5.75,100,,0,რძე & ნაღები
"ნაღები რძის ""პრეზიდენტი"" 35,1%",2.5,20,3.5,200,17.25,100,,0,რძე & ნაღები
"რძე ""სვანური"" 3,2%",3.2,3.2,4.8,60,4.2,100,,0,რძე & ნაღები
"რძის კოქტეილი ""ჩუდო"" შოკოლადის 3%",5,31,60,546,3.0,100,,0,რძე & ნაღები
"რძე ""სოფლის ნობათი"" პასტერიზებული 2,5%",3.2,3.2,4.8,60,5.3,100,,0,რძე & ნაღები
"რძე ""სოფლის ნობათი"" პასტერიზებული 3,2%",3.2,3.2,4.8,60,5.3,100,,0,რძე & ნაღები
"რძე ""პარმალატი"" ულაქტოზო 1.8%",3.2,3.2,4.8,60,9.95,100,,0,რძე & ნაღები
"რძე 2,2%",3.2,3.2,4.8,60,2.95,100,,0,რძე & ნაღები
"ნაღები რძის ""დომიკ ვ დერევნე"" 20%",2.5,20,3.5,200,8.9,100,,0,რძე & ნაღები
"რძის კოქტეილი ""ჩუდო"" შოკოლადის 2%",5,31,60,546,7.95,100,,0,რძე & ნაღები
"რძე ""სანტალი"" ულტრაპასტერიზებული ნუშის სამარხვო",3.2,3.2,4.8,60,13.85,100,,0,რძე & ნაღები
"არაჟანი ""სოფლის ნობათი"" 15%",2.8,20,3.6,206,4.15,100,,0,არაჟანი
"არაჟანი ""პრეზიდენტი"" 20%",2.8,20,3.6,206,6.55,100,,0,არაჟანი
"არაჟანი რჩეული ""სოფლის ნობათი"" 20%",2.8,20,3.6,206,4.8,100,,0,არაჟანი
"არაჟანი ""სოფლის ნობათი"" 15%",2.8,20,3.6,206,3.75,100,,0,არაჟანი
"არაჟანი ""სოფლის ნობათი"" 12%",2.8,20,3.6,206,8.2,100,,0,არაჟანი
"სვანური ""ნატურალ პლიუსი"" 15%",2.8,20,3.6,206,6.1,100,,0,არაჟანი
"სვანური ""ნატურალ პლიუსი"" 25%",2.8,20,3.6,206,7.3,100,,0,არაჟანი
"""მარგო"" 15%",2.8,20,3.6,206,7.95,100,,0,არაჟანი
მაწონი 2.5% 350გრ,5,3.5,4.5,68,1.45,100,,0,მაწონი
"მაწონი ""სოფლის ნობათი"" 3,2%",5,3.5,4.5,68,2.5,100,,0,მაწონი
"მაწონი რჩეული ""სოფლის ნობათი"" 3.5%",5,3.5,4.5,68,2.8,100,,0,მაწონი
"მაწონი საბავშვო ""სოფლის ნობათი"" 3,2%",5,3.5,4.5,68,2.45,100,,0,მაწონი
"მაწონი ""სოფლის ნობათი"" მსუბუქი 1%",5,3.5,4.5,68,2.6,100,,0,მაწონი
"შესქელებული რძის შემცველი პროდუქტი ""ბარაქა"" მოუხარშავი 8,5%",7.5,8.5,54,320,3.9,,370.0,0,შესქელებული რძე
"შესქელებული რძე გოსტი ""კოროვკა"" მოხარშული",3.2,3.2,4.8,60,6.2,,360.0,0,შესქელებული რძე
"შესქელებული რძის შემცველი პროდუქტი ""ბარაქა"" მოხარშული 8,5%",7.5,8.5,54,320,4.3,,370.0,0,შესქელებული რძე
"შესქელებული რძე გოსტი ""კოროვკა""",3.2,3.2,4.8,60,6.2,,360.0,0,შესქელებული რძე
"შესქელებული რძე გოსტი ""კოროვკა"" დოიპაკი",3.2,3.2,4.8,60,4.5,,270.0,0,შესქელებული რძე
"იოგურტი ""ჩუდო"" ატამი/მარაკუია 2,5%",5.5,2,7,65,1.85,100,,0,იოგურტი & პუდიგრი
"იოგურტი დასალევი ""ფრუგურტი"" ალუბალი 1%",5.5,2,7,65,2.5,100,,0,იოგურტი & პუდიგრი
"იოგურტი დასალევი ""ფრუგურტი"" მარწყვი 1%",5.5,2,7,65,2.5,100,,0,იოგურტი & პუდიგრი
"იოგურტი ""ჩუდო"" მარწყვი",5.5,2,7,65,2.1,100,,0,იოგურტი & პუდიგრი
"იოგურტის პროდუქტი ""ნეჟნი"" ატმის წვენით 1,2%",5.5,2,7,65,2.1,100,,0,იოგურტი & პუდიგრი
"იოგურტის პროდუქტი ""ნეჟნი"" ბანანი-მარწყვის 1,2%",5.5,2,7,65,1.09,100,,0,იოგურტი & პუდიგრი
"იოგურტის პროდუქტი ""ნეჟნი"" ალუბლის წვენით 1,2%",5.5,2,7,65,1.09,100,,0,იოგურტი & პუდიგრი
"იოგურტის პროდუქტი ""ნეჟნი"" მარწყვის 1,2%",5.5,2,7,65,1.09,100,,0,იოგურტი & პუდიგრი
"იოგურტი ""ჩუდო"" ველური მარწყვის 2,5%",5.5,2,7,65,1.09,100,,0,იოგურტი & პუდიგრი
"იოგურტი ""ფრუგურტი"" მარწყვი 2,5%",5.5,2,7,65,1.85,100,,0,იოგურტი & პუდიგრი
"იოგურტი ""ჩუდო"" ატამი/მანგო 2,5%",5.5,2,7,65,1.55,100,,0,იოგურტი & პუდიგრი
"იოგურტი ""ფრუგურტი"" ატამი 2,5%",5.5,2,7,65,1.85,100,,0,იოგურტი & პუდიგრი
"იოგურტის პროდუქტი დასალევი ""ნეჟნი"" მარწყვი 0.1%",5.5,2,7,65,1.55,100,,0,იოგურტი & პუდიგრი
"იოგურტის პროდუქტი დასალევი ""ნეჟნი"" ატამი 0.1%",5.5,2,7,65,2.19,100,,0,იოგურტი & პუდიგრი
"იოგურტი დასალევი ""ჩუდო"" ველური მარწყვის 2,1%",5.5,2,7,65,2.19,100,,0,იოგურტი & პუდიგრი
"იოგურტი დასალევი ""ჩუდო"" ალუბალი/ბალი 2,1%",5.5,2,7,65,2.95,100,,0,იოგურტი & პუდიგრი
"იოგურტი დასალევი ""პარმალატი"" ქლიავის ჩირი პრობიოტიკებით",5.5,2,7,65,2.95,100,,0,იოგურტი & პუდიგრი
"იოგურტი დასალევი ""ჩუდო"" მარწყვი/ველური მარწყვი 2,1%",5.5,2,7,65,5.5,100,,0,იოგურტი & პუდიგრი
"იოგურტი დასალევი ""ჩუდო"" ატამი/გარგარი 2,1%",5.5,2,7,65,5.5,100,,0,იოგურტი & პუდიგრი
"იოგურტი დასალევი ""ჩუდო"" ატამი/გარგარი 2,1% 50გრ",5.5,2,7,65,5.5,100,,0,იოგურტი & პუდიგრი
"იოგურტი ""ჩუდო"" ალუბალი/ბალი 2,5%",5.5,2,7,65,4.2,100,,0,იოგურტი & პუდიგრი
"იოგურტი დასალევი ""პარმალატი"" მოცვი ჩია პრობიოტიკებით",5.5,2,7,65,4.1,100,,0,იოგურტი & პუდიგრი
"იოგურტი დასალევი რჩეული ""სოფლის ნობათი"" მარწყვი/პიტნა 2,1%",5.5,2,7,65,3.5,100,,0,იოგურტი & პუდიგრი
"იოგურტი დასალევი რჩეული ""სოფლის ნობათი"" ატამი/მარცვლეული 2,1%",5.5,2,7,65,3.5,100,,0,იოგურტი & პუდიგრი
"იოგურტი დასალევი რჩეული ""სოფლის ნობათი"" შავი ქლიავი/მარცვლეული 2,1%",5.5,2,7,65,3.5,100,,0,იოგურტი & პუდიგრი
"იოგურტი საბავშვო ""სოფლის ნობათი"" ატამი-გარგარი",5.5,2,7,65,3.5,100,,0,იოგურტი & პუდიგრი
"იოგურტი საბავშვო ""სოფლის ნობათი"" მარწყვი/ბანანი",5.5,2,7,65,2.7,100,,0,იოგურტი & პუდიგრი
"პუდინგი ""ჩუდო"" 3,1% შოკოლადის",5,31,60,546,1.95,100,,0,იოგურტი & პუდიგრი
"ბისკვიტი ""ნესკვიკი"" რძიანი 26გრ",8,20,35,350,2.25,,26.0,0,რძის სიკვიტი
"კეფირი ""პარმალატი"" პრობიოტიკებით 1%",3.4,2.5,4,51,5.95,100,,0,კეფირი & აირანი
"აირანი ""იჩიმი""",2.8,1.5,5,45,2.45,100,,0,კეფირი & აირანი
"კეფირი ""სოფლის ნობათი"" ბიფიდო 1,5%",3.4,2.5,4,51,5.4,100,,0,კეფირი & აირანი
"კეფირი ""სოფლის ნობათი"" ბიფიდო 1,5%",3.4,2.5,4,51,3.45,100,,0,კეფირი & აირანი
"ხორცი ნედლი ""წერტი"" ღორის რბილი",27,14,0,242,10.95,100,,0,ნედლი ხორცი
"ხორცი ნედლი ""წერტი"" ღორის ძვლიანი",27,14,0,242,9.95,100,,0,ნედლი ხორცი
"ხორცი ნედლი ""წერტი"" შერეული ფარში",26,15,0,250,14.2,100,,0,ნედლი ხორცი
"ხორცი ნედლი ""წერტი"" საქონლის რბილი",26,15,0,250,1895.0,100,,0,ნედლი ხორცი
"ხორცი ნედლი ""წერტი"" საქონლის ფარში",26,15,0,250,13.55,100,,0,ნედლი ხორცი
"ფრთა გაყინული ""ბიბილო"" ქათმის",27,10,0,203,11.95,100,,0,ქათამი
"ნაგეთსი ""ბიბილო"" ქათმის",15,15,12,250,10.95,100,,0,ქათამი
"ქათამი გაყინული ""ბიბილო""",31,3.6,0,165,10.95,100,,0,ქათამი
"ჩხირები ""ბიბილო"" ქათმის",31,3.6,0,165,10.95,100,,0,ქათამი
"ფილე ქათმის შებოლილი ""ბიუ ბიუ""",31,3.6,0,165,4.95,100,,0,ქათამი
"ფილე გაყინული ""ბიბილო"" ქათმის",31,3.6,0,165,10.95,100,,0,ქათამი
"ფილე პანირებული ""ქუალიკო"" ქათმის სტრიფსი",31,3.6,0,165,11.95,100,,0,ქათამი
"ფრთა პანირებული ""ქუალიკო"" ქათმის",27,10,0,203,9.5,100,,0,ქათამი
"ბარკალი გაყინული ""ბიბილო"" ქათმის",26,12,0,215,7.1,100,,0,ქათამი
"ქათამი გაყინული "" ქუალიკო უკრაინული""",31,3.6,0,165,8.95,100,,0,ქათამი
"ღვიძლი გაყინული ""სიერა"" ქათმის",31,3.6,0,165,4.95,100,,0,ქათამი
"კუჭი გაყინული ""ქუალიკო"" ქათმის",31,3.6,0,165,7.8,100,,0,ქათამი
"ქათამი გაყინული ""ბიუ ბიუ""",31,3.6,0,165,11.5,100,,0,ქათამი
"ნაგეთსი ""ქუალიკო"" ქათმის",15,15,12,250,10.95,100,,0,ქათამი
"ფილე გაყინული ""გრაკო"" ქათმის",31,3.6,0,165,12.95,100,,0,ქათამი
"ნაგეთსი ""ბიუ ბიუ"" ქათმის",15,15,12,250,11.95,100,,0,ქათამი
"ნაგეთსი ""გრაკო"" ქათმის",15,15,12,250,10.95,100,,0,ქათამი
"შნიცელი ""გრაკო"" ქათმის",31,3.6,0,165,11.35,100,,0,ქათამი
"ხორცი გაყინული ""გრაკო"" ღორის",27,14,0,242,11.95,100,,0,ღორი
"ხორცი გაყინული ""ლარდონი"" ღორის სტეიკი",27,14,0,242,12.95,100,,0,ღორი
"ხორცი გაყინული ""გრაკო"" საქონლის 700გრ",26,15,0,250,16.95,100,,0,საქონელი
"ქაბაბი ""დიდგორი"" გაყინული 600გრ",14,14,5,200,8.95,,600.0,0,ფარშრებული
"ტოლმა ""დიდგორი"" გაყინული 600გრ",14,14,5,200,7.65,,600.0,0,ფარშრებული
"გუფთა ""დიდგორი"" გაყინული 600გრ",14,14,5,200,7.65,,600.0,0,ფარშრებული
"ფარში გაყინული ""დიდგორი"" შერეული 900გრ",14,14,5,200,9.45,,900.0,0,ფარშრებული
"კატლეტი ""ბიბილო"" ქათმის 1000გრ",14,14,5,200,10.95,,500,0,ფარშრებული
"პელმენი ""დიდგორი"" ციმბირული",12,15,8,220,9.15,,800.0,0,ნახევარფაბრიკატები
"ხინკალი ""დიდგორი"" ხორცით პრემიუმი",12,15,8,220,7.9,,1.0,0,ნახევარფაბრიკატები
"ხინკალი ""ხინდა"" ქალაქური",12,15,8,220,8.45,,500,0,ნახევარფაბრიკატები
"ხინკალი ""რერა"" ხორცით ქალაქური",12,15,8,220,11.45,,1.0,0,ნახევარფაბრიკატები
"ხინკალი ""დიდგორი"" ხორცით საფირმო",12,15,8,220,11.95,,400.0,0,ნახევარფაბრიკატები
"პელმენი ""მარშე"" კლასიკური",12,15,8,220,6.85,,800.0,0,ნახევარფაბრიკატები
"პელმენი ""ხინდა"" ციმბირული",12,15,8,220,7.5,,800.0,0,ნახევარფაბრიკატები
"პელმენი ""რერა"" ციმბირული",12,15,8,220,10.95,,800.0,0,ნახევარფაბრიკატები
"პელმენი ""მარშე"" საქონლის ხორცით",12,15,8,220,7.35,,400.0,0,ნახევარფაბრიკატები
"პელმენი ""დიდგორი"" ციმბირული ექსტრა",12,15,8,220,13.45,,800.0,0,ნახევარფაბრიკატები
"ბლინი ""დიდგორი"" ხორცით",12,15,8,220,5.45,,1.0,0,ნახევარფაბრიკატები
"ბლინი ""რერა"" სულგუნით და იმერული ყველით",10.6,5.78,30.3,265.0,9.95,,400.0,0,ნახევარფაბრიკატები
"ვარენიკი ""დიდგორი"" კარტოფილით",2.0,0.1,35.0,77,6.95,,800.0,0,ნახევარფაბრიკატები
"ვარენიკი ""დიდგორი"" ყველით",8.5,27,26.0,350,11.95,,800.0,0,ნახევარფაბრიკატები
"ვარენიკი ""რერა"" სულგუნით",14.72,6.64,23.18,291.0,9.95,,400.0,0,ნახევარფაბრიკატები
"კატლეტი ""დიდგორი"" ხორცის",13.5,4.05,14.0,241.5,7.95,,600.0,0,ნახევარფაბრიკატები
"ფენოვანი ცომი გაყინული ""რერა""",24.5,5.1,32.09,366.0,5.95,,800.0,0,ნახევარფაბრიკატები
"ფენოვანი ცომი გაყინული ""მარშე""",18.5,9.2,34.0,220,8.45,,500,0,ნახევარფაბრიკატები
"თევზი გაყინული ""პრემ ფიში"" ტელაპიის ფილე",31,3.6,0,165,14.5,100,,0,გაყინული თევზი
"თევზი გაყინული ""პრემ ფიში"" ორაგულის სტეიკი",20,4,0,120,16.8,100,,0,გაყინული თევზი
"თევზი გაყინული ""პრემ ფიში"" ხეკის სტეიკი",20,4,0,120,12.65,100,,0,გაყინული თევზი
"თევზი გაყინული ""პრემ ფიში"" სიომგის სტეიკი",20,4,0,120,37.95,100,,0,გაყინული თევზი
"თევზი გაყინული ""პრემიო"" სკუმბრია",20,4,0,120,18.45,100,,0,გაყინული თევზი
"თევზი გაყინული ""პრემ ფიში"" სამეფო - Gemfish სტეიკი",20,4,0,120,12.8,100,,0,გაყინული თევზი
თევზი გაყინული „პრემ ფიში“ ხეკი,20,4,0,120,13.45,100,,0,გაყინული თევზი
თევზი გაყინული „პრემ ფიში“ პანგასიუსის სტეიკი,20,4,0,120,12.95,100,,0,გაყინული თევზი
თევზი გაყინული „პრემ ფიში“ მოივა,20,4,0,120,9.75,100,,0,გაყინული თევზი
"თევზი ცივად შებოლილი ""უმალი"" სკუმბრია 350გრ",26,9,0,180,16.55,,350.0,0,შებოლილი თევზი
"თევზი ცივად შებოლილი ""უმალი"" ქაშაყი 300გრ",26,9,0,180,10.95,,300.0,0,შებოლილი თევზი
"თევზი ცივად შებოლილი ""უმალი"" ზეთოვანი ფილე 100გრ",31,3.6,0,165,9.95,,100.0,0,შებოლილი თევზი
"თევზი შებოლილი ""უმალი"" ორაგულის ჩხირი 40გრ",26,9,0,180,3.5,,40.0,0,შებოლილი თევზი
"თევზი ""უმალი"" ქაშაყის ფილეს სალათი ხახვით და მწვანილით 310გრ",31,3.6,0,165,9.3,,310.0,0,მარინადი
"თევზი ""უმალი"" ქაშაყის ფილე ზეთში 330გრ",31,3.6,0,165,9.45,,330.0,0,მარინადი
"თევზი ""უმალი"" ქაშაყის ფილე ზეთში ლიმონით და კამით 200გრ",31,3.6,0,165,8.75,,200.0,0,მარინადი
"თევზი ""სანტა ბრემორი"" ქაშაყის ფილე ტრადიციული 240 გრ",31,3.6,0,165,6.2,,240.0,0,მარინადი
"თევზი ""სანტა ბრემორი"" ქაშაყის ფილე 240 გრ",31,3.6,0,165,6.2,,240.0,0,მარინადი
"თევზი ""სანტა ბრემორი"" ქაშაყის ფილე ორიგინალური 250გრ",31,3.6,0,165,7.2,,250.0,0,მარინადი
"თევზი ""უმალი"" ქაშაყის ფილე ნორვეგიულად 200გრ",31,3.6,0,165,8.75,,200.0,0,მარინადი
"ხიზილალა იმიტირებული ""სტოლნაია"" ორაგულის 230გრ",18,2,1,100,7.5,100,,0,ზღვის პროდუქტები
"კიბორჩხალის ჩხირი ""სანტა ბრემორი"" 200გრ",18,2,1,100,5.95,100,,0,ზღვის პროდუქტები
"ხიზილალა ""რუსკოე მორე"" ორაგულით 165გრ",18,2,1,100,7.95,100,,0,ზღვის პროდუქტები
"ყავა ხსნადი ""მაკ კოფე"" ორიგინალი (3/1)",15.0,8.0,65.0,400.0,0.45,100,,0,ზღვის პროდუქტები
"ყავა ხსნადი ""იაკობსი"" მონარქი",0.1,0.1,10.3,101.0,0.55,100,,0,ზღვის პროდუქტები
"ყავა ხსნადი ""კარტ ნუარი""",0.1,0.1,10.0,100.0,0.6,100,,0,ზღვის პროდუქტები
"ყავა ხსნადი ""იაკობსი"" დინამიქსი",0.3,0.1,12.0,110.0,0.6,100,,0,ზღვის პროდუქტები
"ყავა ხსნადი ""მაკ კოფე"" სტრონგი (3/1)",16.0,9.0,68.0,410.0,0.45,100,,0,ზღვის პროდუქტები
"ყავა ხსნადი ""იაკობსი"" კაპუჩინო სტიკი",18.0,10.0,70.0,420.0,0.6,100,,0,ზღვის პროდუქტები
"ყავა ხსნადი ""იაკობსი"" ლატე (3/1)",14.0,7.0,65.0,390.0,0.6,100,,0,ზღვის პროდუქტები
"ყავა ხსნადი ""იაკობსი"" კარამელი ლატე",20.0,12.0,72.0,430.0,0.6,100,,0,ზღვის პროდუქტები
"ყავა ხსნადი ""იაკობსი"" ინტენს (3/1)",0.2,0.1,11.5,105.0,0.6,100,,0,ზღვის პროდუქტები
"ყავა ხსნადი ""იაკობსი"" მონარქ პლიუსი (3/1)",0.2,0.1,11.5,105.0,0.75,100,,0,ზღვის პროდუქტები
"ყავა ხსნადი ""იაკობსი"" დუბაის შოკოლადი (3/1)",18.0,10.0,70.0,420.0,1.3,100,,0,ზღვის პროდუქტები
"ყავა ხსნადი ""იაკობსი"" მილკა კაპუჩინო (3/1)",12.0,7.0,72.0,415.0,1.3,100,,0,ზღვის პროდუქტები
"ყავა ხსნადი ""იაკობსი"" კაპუჩინო (3/1)",18.0,10.0,70.0,420.0,1.3,100,,0,ზღვის პროდუქტები
"ყავა ხსნადი ""იაკობსი"" მოკა (3/1)",20.0,11.0,74.0,440.0,1.3,100,,0,ზღვის პროდუქტები
"ყავა ხსნადი ""იაკობსი"" კარამელი ლატე (3+1)",19.0,10.5,73.0,430.0,1.85,100,,0,ზღვის პროდუქტები
"ყავა ხსნადი ""იაკობსი"" ინტენსი (3+1)",0.2,0.1,11.5,105.0,1.85,100,,0,ზღვის პროდუქტები
"ყავა ხსნადი ""მაკ კოფე"" ორიგინალი 10ც",0.1,0.1,9.5,98.0,4.25,100,,0,ზღვის პროდუქტები
"ყავა ხსნადი ""კარტ ნუარი"" თეთრი",0.3,0.1,12.5,110.0,0.65,100,,0,ზღვის პროდუქტები
"ყავა ხსნადი ""იაკობს მონარქ"" ყინულოვანი კარამელი ლატე (3/1)",22.0,13.0,76.0,450.0,1.3,100,,0,ზღვის პროდუქტები
"ყავა ხსნადი ""მაკ კოფე"" DI TORINO შავი შოკოლადით",23.0,14.0,78.0,460.0,0.9,100,,0,ზღვის პროდუქტები
"ციკორი ხსნადი ""რუსკი პროდქტი"" ნატურალური",18,2,0.5,2.0,4.9,100,,0,ზღვის პროდუქტები
"ჩაი შავი ""აზერჩაი""",18,2,0.4,2.0,4.1,100,,0,ზღვის პროდუქტები
"ჩაი შავი ""მარიამი"" სუპერი",18,2,0.2,1.0,4.35,100,,0,ზღვის პროდუქტები
"ჩაი შავი ""გრინფილდი"" კენიანი",18,2,0.2,1.0,4.9,100,,0,ზღვის პროდუქტები
"ჩაი შავი ""გრინფილდი"" ოქროს ცეილონი",18,2,0.3,1.0,4.9,100,,0,ზღვის პროდუქტები
"ჩაი შავი ""გიტა"" ინდოეთი",18,2,0.2,1.0,1.7,100,,0,ზღვის პროდუქტები
"ჩაი შავი ""პრინცესა ნური""",18,2,0.4,2.0,2.6,100,,0,ზღვის პროდუქტები
"ჩაი შავი ""გრინფილდ"" კლასიკ ბრექვასთ",18,2,0.3,1.0,4.9,100,,0,ზღვის პროდუქტები
"ჩაი შავი ""გრინფილდი"" ელგრეი ფანტაზია",18,2,0.4,2.0,4.9,100,,0,ზღვის პროდუქტები
"ჩაი შავი ""მარიამი"" ბროკენ",18,2,0.2,1.0,4.2,100,,0,ზღვის პროდუქტები
"ჩაი შავი ""გრინფილდი"" როიალ ელგრეი",18,2,0.4,2.0,7.25,100,,0,ზღვის პროდუქტები
"ჩაი მწვანე ""გრინფილდ"" ჟასმინის არომატით",18,2,0.2,1.0,4.9,100,,0,ზღვის პროდუქტები
"ჩაი მწვანე ""გრინფილდ"" მფრინავი დრაკონი",18,2,0.2,1.0,4.9,100,,0,ზღვის პროდუქტები
"ჩაი ხილის ""გრინფილდ"" სამერ ბუკეტი",18,2,0.5,2.0,4.9,100,,0,ზღვის პროდუქტები
"ჩაი ხილის ""ტეს""",18,2,0.4,2.0,5.25,100,,0,ზღვის პროდუქტები
"ჩაი გასახდომი ""ჰეილისი"" ჟოლო და კენკრა",18,2,0.3,1.0,9.8,100,,0,ზღვის პროდუქტები
"ჩაი ხილის ""პრინცესა ნური"" შავი კენკრით",0.1,0.0,0.7,3.0,2.85,100,,0,ზღვის პროდუქტები
"ჩაი ხილის ""პრინცესა ნური"" მალინა",0.1,0.0,0.7,3.0,2.85,100,,0,ზღვის პროდუქტები
"ჩაი შავი ""მარიამი"" ბროკენ",18,2,0.2,1.0,4.75,100,,0,ზღვის პროდუქტები
"ჩაი შავი ""აზერჩაი"" ბერგამოტის არომატით",18,2,0.4,2.0,4.85,100,,0,ზღვის პროდუქტები
"ჩაი შავი ""მარიამი"" სუპერი",18,2,0.2,1.0,6.55,100,,0,ზღვის პროდუქტები
"ჩაი შავი ""გრინფილდ"" ოქროს ცეილონი",18,2,0.3,1.0,5.95,100,,0,ზღვის პროდუქტები
"ჩაი მწვანე ""გრინფილდ"" მფრინავი დრაკონი",18,2,0.2,1.0,5.8,100,,0,ზღვის პროდუქტები
"ჩაი მცენარეული ""პრინცესა იავა"" კარკადე",18,2,0.5,2.0,4.9,100,,0,ზღვის პროდუქტები
"ცხელი შოკოლადი ""მაკ შოკოლადი""",20.0,12.0,65.0,400.0,0.6,100,,0,ზღვის პროდუქტები
"კაკაო ""ნესქვიკ""",4.0,2.5,82.0,380.0,10.95,100,,0,ზღვის პროდუქტები
"კაკაო ""მიქს ფიქს""",5.0,3.0,78.0,390.0,5.25,100,,0,ზღვის პროდუქტები
"ყავა ხსნადი ""იაკობსი"" მონარქი + ""PICKWICK"" შავი ჩაი ორიგინალი",0.1,0.1,10.5,102.0,26.4,100,,0,ზღვის პროდუქტები
"პური თეთრი ""იფქლი დიღომი"" უსაფუარო",1.2,0.3,52.0,260.0,1.8,,520.0,0,პურ-ფუნთუშეული
"პური თეთრი ""იფქლი დიღომი""",1.0,0.2,55.0,265.0,1.3,,530.0,0,პურ-ფუნთუშეული
"პური ""მარა"" ბერძნული ლავაში",2.0,0.5,58.0,270.0,1.4,,480.0,0,პურ-ფუნთუშეული
"პური თეთრი ""იფქლი დიღომი"" დაჭრილი",1.5,0.4,54.0,255.0,1.5,,530.0,0,პურ-ფუნთუშეული
"პური თეთრი ""იფქლი დიღომი"" თბილისური დაჭრილი",1.0,0.3,56.0,250.0,1.8,,500.0,0,პურ-ფუნთუშეული
"პური თეთრი ""იფქლი დიღომი"" აგური ხორბლის ალაო",0.8,0.2,58.0,240.0,1.4,,450.0,0,პურ-ფუნთუშეული
"პური თეთრი ""იფქლი დიღომი"" რძიანი დაჭრილი",2.5,0.7,53.0,270.0,2.5,,450.0,0,პურ-ფუნთუშეული
"პური თეთრი ""თბილისური"" მრგვალი",1.8,0.4,55.0,260.0,1.7,,500.0,0,პურ-ფუნთუშეული
"პური თეთრი ""იფქლი დიღომი"" დიღმის პური",1.2,0.3,54.0,265.0,1.1,,410.0,0,პურ-ფუნთუშეული
"პური ჭვავის ""იფქლი დიღომი"" მოხარშული ალაო 0%",0.5,0.1,48.0,220.0,1.2,,300.0,0,პურ-ფუნთუშეული
"პური ქატოსი ""იფქლი დიღომი"" მოხარშული",0.8,0.2,42.0,210.0,1.25,,300.0,0,პურ-ფუნთუშეული
"პური შავი ""იფქლი დიღომი"" მოხარშული აგური",1.0,0.3,46.0,235.0,1.45,,350.0,0,პურ-ფუნთუშეული
"პური შავი ""იფქლი დიღომი"" დაჭრილი",1.0,0.3,46.0,235.0,1.5,,510.0,0,პურ-ფუნთუშეული
"პური ""იფქლი დიღომი"" ცეხვილი",1.2,0.4,48.0,240.0,1.4,,510.0,0,პურ-ფუნთუშეული
პური შვრიის „პური“,0.8,0.2,45.0,230.0,1.2,,300.0,0,პურ-ფუნთუშეული
"პური ჭვავის ""ლიტვური საცხობი"" პრემიუმ კლასი მზესუმზირით",2.0,0.5,50.0,250.0,3.5,,370.0,0,პურ-ფუნთუშეული
"პური ჭვავის ""თბილპური"" 0%",0.5,0.1,48.0,220.0,1.1,,340.0,0,პურ-ფუნთუშეული
"პური ჭვავის ""იფქლი დიღომი"" რაიბროტი",0.7,0.2,42.0,215.0,2.5,,350.0,0,პურ-ფუნთუშეული
"პური ""იფქლი დიღომი"" ქლიავის ჩირით",6.0,2.0,48.0,280.0,4.45,,350.0,0,პურ-ფუნთუშეული
"პური ""იფქლი დიღომი"" მზესუმზირით",5.0,1.5,52.0,270.0,3.95,,400.0,0,პურ-ფუნთუშეული
"პური სელის ""თბილპური"" დაჭრილი",1.5,0.4,56.0,245.0,1.6,,500.0,0,პურ-ფუნთუშეული
"პური ""იფქლი დიღომი"" მოხარშული ჭვავის ბარონი",0.8,0.2,44.0,225.0,3.0,,400.0,0,პურ-ფუნთუშეული
"პური ჭვავის ""ლიტვური საცხობი"" სვეიკატა 0%",0.6,0.1,40.0,210.0,2.25,,375.0,0,პურ-ფუნთუშეული
"პური ჭვავის ""ლიტვური საცხობი"" სვეიკატა 0%",0.6,0.1,40.0,210.0,4.5,,750.0,0,პურ-ფუნთუშეული
"პური დიეტური ""ამარანტი""",1.0,0.2,38.0,200.0,1.6,,350.0,0,პურ-ფუნთუშეული
"პური დიაბეტური ""ამარანტი""",0.8,0.1,35.0,190.0,1.6,,350.0,0,პურ-ფუნთუშეული
"პური დიაბეტური ""იფქლი დიღომი"" დიაპური",0.5,0.1,36.0,195.0,1.2,,300.0,0,პურ-ფუნთუშეული
"პური ტოსტის ""ლიტვური საცხობი""",4.0,1.2,52.0,270.0,2.9,,600.0,0,პურ-ფუნთუშეული
"პური ""ემსიბი"" ჰამბურგერის",12.0,4.0,38.0,290.0,3.75,,50.0,0,პურ-ფუნთუშეული
"ფუნთუშა ""იფქლი დიღომი"" შოკოლადის და თხილის კრემით",18.0,10.0,48.0,380.0,2.5,,170.0,0,პურ-ფუნთუშეული
"ფუნთუშა ""იფქლი დიღომი"" შოკოლადის გლაზურით",22.0,12.0,50.0,410.0,2.15,,250.0,0,პურ-ფუნთუშეული
"ფუნთუშა ""იფქლი დიღომი"" კორჟიკი",15.0,8.0,52.0,370.0,1.7,,140.0,0,პურ-ფუნთუშეული
"ფუნთუშა ""იფქლი დიღომი"" ვაშლის ჯემით",14.0,7.0,55.0,360.0,1.7,,140.0,0,პურ-ფუნთუშეული
"ქადა ""იფქლი დიღომი"" შოკოლადის შიგთავსით",25.0,14.0,45.0,420.0,1.55,,220.0,0,პურ-ფუნთუშეული
"ფუნთუშა ""იფქლი დიღომი""",12.0,5.0,50.0,340.0,0.9,,120.0,0,პურ-ფუნთუშეული
"ფუნთუშა ""იფქლი დიღომი"" გვირილა სეზამით",13.0,6.0,48.0,350.0,2.5,,360.0,0,პურ-ფუნთუშეული
"ფუნთუშა ""ლიტვური საცხობი"" კულიჩი",20.0,11.0,46.0,390.0,4.95,,470.0,0,პურ-ფუნთუშეული
"ბლითი ""ბეიქ ჰაუსი""",8.0,3.0,42.0,280.0,3.45,,80.0,0,პურ-ფუნთუშეული
"ფუნთუშა ""ლიტვური საცხობი"" ქიშმიშით",16.0,8.0,50.0,370.0,2.95,,200.0,0,პურ-ფუნთუშეული
"ფუნთუშა ""ლიტვური საცხობი"" კაკაოთი",14.0,7.0,52.0,360.0,2.95,,150.0,0,პურ-ფუნთუშეული
"ქადა ""ლიტვური საცხობი""",20.0,12.0,48.0,400.0,3.25,,330.0,0,პურ-ფუნთუშეული
"ქადა ""იფქლი დიღომი""",22.0,13.0,45.0,410.0,1.7,,300.0,0,პურ-ფუნთუშეული
"პური ""ბებოს ლავაში"" ლავაში",0.1,0.0,61.2,262.0,2.6,,400.0,0,პურ-ფუნთუშეული
"პური ლავაში ""ბებოს ლავაში"" მრგვალი",0.1,0.0,60.0,260.0,2.45,,200.0,0,პურ-ფუნთუშეული
ორცხობილა ვანილით,20.0,12.0,62.0,450.0,2.2,,200.0,0,პურ-ფუნთუშეული
ორცხობილა ლიმნით,18.0,10.0,60.0,430.0,2.2,,200.0,0,პურ-ფუნთუშეული
"საფანელი ""მზეთამზე""",16.0,9.0,65.0,420.0,1.45,,220.0,0,პურ-ფუნთუშეული
"ხლებცი ""იამუნა"" ხორბლის",12.0,6.0,58.0,380.0,1.25,,80.0,0,პურ-ფუნთუშეული
"ხლებცი ""იამუნა"" ხორბლის და სიმინდის",11.0,5.0,60.0,370.0,1.15,,85.0,0,პურ-ფუნთუშეული
"ხლებცი ""იამუნა"" წიწიბურის",15.0,8.0,62.0,410.0,2.35,,80.0,0,პურ-ფუნთუშეული
"ჩიფსი კარტოფილის ""ჯეკერი"" არაჟანი და ხახვი",34.0,4.0,50.0,530.0,5.95,,150.0,0,სნექი
"ჩიფსი კარტოფილის ""ლეისი"" კლასიკი",32.0,3.9,52.0,520.0,5.4,,117.0,0,სნექი
"ჩიფსი კარტოფილის ""ლეისი"" არაჟანი და ხახვი",35.0,4.2,51.0,535.0,7.85,,225.0,0,სნექი
"ჩიფსი კარტოფილის ""ლეისი"" ორმაგი ბურგერის",36.0,4.5,49.0,540.0,4.95,,100.0,0,სნექი
"ჩიფსი კარტოფილის ""ლეისი"" ბარბექიუს სოუსი",37.0,4.8,48.0,545.0,2.3,,50.0,0,სნექი
"ჩიფსი კარტოფილის ""ლეისი"" STAX არაჟნის და ხახვის",38.0,5.0,47.0,550.0,9.95,,140.0,0,სნექი
"ჩიფსი კარტოფილის ""ლეისი"" ყველის",33.0,4.1,51.0,528.0,5.4,,140.0,0,სნექი
"ჩიფსი კარტოფილის ""ლეისი"" პიცის და 4 ყველის",36.5,4.7,48.5,542.0,4.95,,100.0,0,სნექი
"ჩიფსი კარტოფილის ""ლეისი"" ყველის სოუსი",35.0,4.5,49.0,535.0,2.3,,50.0,0,სნექი
"ჩიფსი კარტოფილის ""ფრიქსი"" აჯიკის გემოთი",32.5,4.0,52.5,525.0,2.85,,60.0,0,სნექი
"ჩიფსი კარტოფილის ""ლეისი"" რიდჯი პაპრიკა",34.5,4.3,50.5,532.0,5.4,,140.0,0,სნექი
"ჩიფსი სიმინდის ""დორიტოსი"" აკილი",28.0,3.0,60.0,545.0,5.0,,130.0,0,სნექი
"ჩიფსი კარტოფილის ""ფრიქსი"" აჯიკის გემოთი",32.5,4.0,52.5,525.0,4.45,,120.0,0,სნექი
"ჩიფსი კარტოფილის ""ლეისი"" პაპრიკა",34.0,4.2,51.0,530.0,5.4,,155.0,0,სნექი
"ჩიფსი კარტოფილის ""ფრიქსი"" ბარბექიუს გემოთი",36.0,4.5,49.0,540.0,2.85,,60.0,0,სნექი
"ჩიფსი კარტოფილის ""ფრიქსი"" ბარბექიუს გემოთი",36.0,4.5,49.0,540.0,4.45,,120.0,0,სნექი
"ჩიფსი კარტოფილის ""ლეისი"" რიბეის სტეიკი წიწაკის სოუსისი",38.0,5.0,47.0,550.0,5.4,,140.0,0,სნექი
"ჩიფსი კარტოფილის ""ლეისი"" STAX შემწვარი ნეკნების",39.0,5.2,46.0,555.0,9.95,,140.0,0,სნექი
"მარილიანი ჩხირი ""ქრაქსი"" წიწაკით",25.0,3.5,58.0,480.0,2.95,,123.0,0,სნექი
"პურის ორცხობილა ბრუსკეტი ""მარეტი"" ყველის",20.0,8.0,55.0,440.0,6.75,,140.0,0,სნექი
"პურის ორცხობილა ბრუსკეტი ""მარეტი"" პომიდორი, ზეთისხილი და ორეგანო",22.0,9.0,54.0,450.0,6.75,,140.0,0,სნექი
"მარილიანი ჩხირი ""ქრაქსი"" სეზამის მარცვლებით",28.0,4.0,56.0,475.0,2.95,,110.0,0,სნექი
"კრეკერი ""მაკი"" ყაყაჩოს მარცვლებით",24.0,3.8,60.0,460.0,4.0,,300.0,0,სნექი
"მზესუმზირა ""ოკერ"" მოხალული",48.0,6.0,32.0,580.0,2.99,,180.0,0,სნექი
"მზესუმზირა ""ოკერ"" მოხალული მარილით",49.0,6.2,30.0,585.0,2.99,,150.0,0,სნექი
"სიმინდის ბურბუშელა ""აპაჩი""",25.0,4.0,62.0,490.0,1.95,,85.0,0,სნექი
"ჩიფსი სიმინდის ""დორიტოსი"" ტაგო",30.0,3.5,60.0,540.0,3.2,,70.0,0,სნექი
"ჩიფსი სიმინდის ""დორიტოსი"" ნაჩო",31.0,3.8,59.0,545.0,3.2,,70.0,0,სნექი
"ჩიფსი კარტოფილის ""ლეისი"" კლასიკი",32.0,3.9,52.0,520.0,3.2,,67.0,0,სნექი
"ორცხობილა ""აპაჩე"" ყველის გემოთი",23.0,3.0,64.0,470.0,0.79,,35.0,0,სნექი
"მარილიანი ჩხირი ""რამკო""",26.0,4.0,58.0,490.0,0.5,,30.0,0,სნექი
"ორცხობილა ""აპაჩე"" მწვადის გემოთი",22.0,2.8,66.0,465.0,1.0,,35.0,0,სნექი
"ორცხობილა ""ტუკი"" ყველის გემოთი",21.0,3.0,65.0,455.0,4.5,,100.0,0,სნექი
"მარილიანი ჩხირი ""რამკო""",26.0,4.0,58.0,490.0,2.3,,200.0,0,სნექი
"მარილიანი ჩხირი ""პინაკი""",25.0,3.8,59.0,485.0,1.5,,100.0,0,სნექი
"მარილიანი ჩხირი ""ნეფისი""",27.0,4.2,57.0,495.0,4.5,,250.0,0,სნექი
"ნახმი ""ფლორა""",18.0,2.5,45.0,380.0,3.35,,300.0,0,სნექი
"ბრეცელი ""ნეფისი""",24.0,3.5,60.0,475.0,4.5,,250.0,0,სნექი
"ტკბილი ჩხირი ""რამკო""",18.0,2.8,62.0,430.0,2.4,,200.0,0,სნექი
"კრეკერი ""კროკო"" მარილიანი",22.0,3.0,65.0,460.0,2.49,,100.0,0,სნექი
"კრეკერი პიცის არომატით ""კროკო""",23.0,3.2,64.0,470.0,3.2,,100.0,0,სნექი
"მარილიანი ჩხირი ""კროკო"" გრძელი",25.0,3.8,59.0,485.0,5.5,,250.0,0,სნექი
"კრეკერისა და ბრეცელის მიქსი ""კროკო""",24.5,3.5,60.5,480.0,5.5,,250.0,0,სნექი
"კრეკერი ""მხიარული ცხოველები"" ტკბილი",20.0,8.0,55.0,440.0,5.0,,400.0,0,სნექი
"ჩიფსი კარტოფილის ""ჯეკერი"" ყველის",33.0,4.1,51.0,528.0,5.95,,150.0,0,სნექი
"მზესუმზირა ""მასტერ ჟარკი"" მოხალული",48.0,6.0,32.0,580.0,1.99,,140.0,0,სნექი
"მზესუმზირა ""ჯინი"" მოხალული",48.0,6.0,32.0,580.0,3.6,,140.0,0,სნექი
"მზესუმზირა ""ჯინი"" მოხალული მარილით",49.0,6.2,30.0,585.0,3.6,,140.0,0,სნექი
"ჩიფსი კარტოფილის ""ჯეკერი"" ცხარე და პიკანტური",35.0,4.5,49.0,535.0,5.95,,150.0,0,სნექი
"ჩიფსი კარტოფილის ""ლეისი"" პაპრიკა",34.0,4.2,51.0,530.0,1.75,,37.0,0,სნექი
"ჩიფსი სიმინდის ""დორიტოსი"" ტაგო",30.0,3.5,60.0,540.0,5.0,,130.0,0,სნექი
"ჩიფსი კარტოფილის ""ლეისი"" პაპრიკა",34.0,4.2,51.0,530.0,3.2,,67.0,0,სნექი
"ჩიფსი კარტოფილის ""ლეისი"" პაპრიკა",34.0,4.2,51.0,530.0,7.85,,225.0,0,სნექი
"ჩირი ""აგროფაი"" გარგარის",2.0,0.3,75.0,350.0,12.95,,240.0,0,სნექი
"მიწის თხილი ""პინაკი"" ნაჭუჭში",52.0,8.0,14.0,600.0,2.95,,80.0,0,სნექი
"ფისტაშკა ""ბირკა""",45.0,6.0,20.0,570.0,5.4,,80.0,0,სნექი
ნიგოზი,55.0,7.0,12.0,620.0,7.95,,300.0,0,სნექი
"მიწის თხილი ""ოლა!"" მოხალული მარილიანი",51.0,8.5,15.0,595.0,3.2,,120.0,0,სნექი
"სიმინდის ბურბუშელა ""ჩიტოსი"" კეტჩუპის",25.0,4.0,62.0,490.0,1.95,,50.0,0,სნექი
"სიმინდის ბურბუშელა ""ჩიტოსი"" ყველის",26.0,4.2,61.0,495.0,1.95,,50.0,0,სნექი
"სიმინდის ბურბუშელა ""ჩიტოსი"" კეტჩუპი",25.0,4.0,62.0,490.0,0.99,,26.0,0,სნექი
"სიმინდის ბურბუშელა ""ჩიტოსი"" ყველის",26.0,4.2,61.0,495.0,1.2,,26.0,0,სნექი
ქიშმიში რუხი,0.5,0.1,75.0,300.0,6.7,,500.0,0,სნექი
"ტყლაპი ტყემლის ""აგროფაი""",1.0,0.2,85.0,380.0,1.95,,70.0,0,სნექი
"ჩირი ""აგროფაი"" შავი ქლიავის",0.5,0.1,78.0,320.0,9.5,,240.0,0,სნექი
"ჩირი ""აგროფაი"" ფინიკის",0.4,0.1,76.0,310.0,4.45,,240.0,0,სნექი
"თხილის გული ""პინაკი""",62.0,9.0,18.0,650.0,10.95,,90.0,0,სნექი
"ნუშის გული ""აგროფაი""",60.0,7.0,12.0,640.0,10.5,,130.0,0,სნექი
"ფისტაშკა ""აგროფაი""",45.0,6.0,20.0,570.0,8.95,,70.0,0,სნექი
"კონსერვი პომიდვრის პასტა ""კინგტომი"" შუშა",0.2,0.0,16.0,80.0,5.95,,370.0,0,კონსერვები
"კონსერვი პომიდვრის პასტა ""ნოსტიმო""",0.3,0.1,18.0,85.0,3.95,,410.0,0,კონსერვები
"კონსერვი პომიდვრის გახეხილი ""ვიტალე""",0.1,0.0,5.0,25.0,4.5,,500.0,0,კონსერვები
"მარინადი წიწაკის ""ნოსტიმო""",0.1,0.0,3.0,15.0,4.95,,720.0,0,კონსერვები
"მარინადი კიტრის ""ნოსტიმო"" 6-9სმ",0.2,0.0,3.5,18.0,3.95,,670.0,0,კონსერვები
"მარინადი ბოსტნეულის ასორტი ""ნოსტიმო""",0.3,0.1,4.0,20.0,5.25,,680.0,0,კონსერვები
"მარინადი წითელი ბულგარული წიწაკის ""სანტატი""",0.2,0.0,4.5,22.0,6.5,,650.0,0,კონსერვები
"კონსერვი პომიდორის ""რეგია"" დაჭრილი",0.2,0.0,5.5,28.0,4.45,,400.0,0,კონსერვები
"მარინადი კიტრის ""მარნეული""",0.1,0.0,3.2,16.0,6.95,,700.0,0,კონსერვები
"მარინადი კიტრის ""რენქი"" 6-9სმ",0.1,0.0,3.5,17.0,4.35,,720.0,0,კონსერვები
"სოუსი პომიდვრის ""ნოსტიმო"" არაბიატა",0.5,0.1,15.0,75.0,4.99,,350.0,0,კონსერვები
"კონსერვი ბოსტნეულის ""ნოსტიმო"" აჯაფსანდალი",3.0,0.5,8.0,65.0,5.75,,450.0,0,კონსერვები
"კონსერვი ბოსტნეულის ""ნოსტიმო"" ბადრიჯნის ხიზილალა",4.0,0.6,7.0,70.0,5.55,,470.0,0,კონსერვები
"კონსერვი ბოსტნეულის ""ნოსტიმო"" აივარი",3.5,0.5,9.0,68.0,5.95,,360.0,0,კონსერვები
"მარინადი ბოსტნეულის ასორტი ""თუქაში""",0.4,0.1,4.5,25.0,5.25,,720.0,0,კონსერვები
"კონსერვი ზეთისხილის ""Mioliva"" შავი უკურკო",14.0,2.0,3.0,145.0,5.95,,400.0,0,კონსერვები
"კონსერვი ზეთისხილის ""Mioliva"" მწვანე უკურკო",14.0,2.0,3.0,145.0,5.95,,400.0,0,კონსერვები
"კონსერვი ზეთისხილის ""Mioliva"" შავი კურკიანი",16.0,2.5,4.0,165.0,5.95,,400.0,0,კონსერვები
"კონსერვი სოკოს ""ბონო"" დაჭრილი",0.2,0.0,4.0,25.0,3.95,,800.0,0,კონსერვები
"კონსერვი სიმინდის ""ბონო""",1.0,0.2,16.0,80.0,2.95,,340.0,0,კონსერვები
"კონსერვი ბარდის ""ჩვენი სუფრა"" (შუშა)",4.5,0.6,5.0,70.0,6.2,,700.0,0,კონსერვები
"კონსერვი ბარდის ""ბონო"" მწვანე",4.0,0.5,4.5,65.0,2.2,,400.0,0,კონსერვები
"კონსერვი სიმინდის ""ლორადო""",1.2,0.2,17.0,85.0,5.75,,370.0,0,კონსერვები
"კონსერვი ბარდის ""ბარაქა"" მწვანე",4.2,0.6,5.0,68.0,2.5,,400.0,0,კონსერვები
"კონსერვი პომიდვრის პასტა ""მარნეული"" (თუნუქი)",0.3,0.1,20.0,90.0,2.95,,210.0,0,კონსერვები
"კონსერვი პომიდვრის პასტა ""კინგტომი""",0.3,0.1,18.0,85.0,3.95,,210.0,0,კონსერვები
"კონსერვი პომიდვრის პასტა ""ჯაკომო"" შუშა",0.4,0.1,19.0,88.0,4.95,,500.0,0,კონსერვები
"მარინადი კიტრის ""იაკამოზო"" პიკული",0.1,0.0,3.0,15.0,7.45,,370.0,0,კონსერვები
"მარინადი კიტრის ""ბონო"" პიკული",0.1,0.0,3.2,16.0,3.95,,370.0,0,კონსერვები
"მარინადი წიწაკის ""იაკამოზ"" მწარე",0.2,0.0,3.5,18.0,7.45,,370.0,0,კონსერვები
მარინადი წიწაკის ნაჭრები,0.2,0.0,4.0,20.0,6.95,,370.0,0,კონსერვები
"მარინადი ბოსტნეულის ""იაკამოზ"" შერეული",0.4,0.1,4.5,25.0,6.5,,720.0,0,კონსერვები
"კონსერვი თევზის ""სელფიშ"" თინუსი წვენში",7.0,1.2,0.5,110.0,6.5,,185.0,0,კონსერვები
"კონსერვი თევზის ""სელფიშ"" თინუსი ზეთში",15.0,2.5,0.5,190.0,6.5,,185.0,0,კონსერვები
"კონსერვი თევზის ""რიჟსკაია ვალნა"" კილკა ტომატის სოუსში",8.0,1.5,8.0,140.0,4.5,,240.0,0,კონსერვები
"კონსერვი თევზის ""სელ ფიშ"" შემწვარი კილკა ტომატის სოუსში",8.5,1.6,8.5,145.0,5.5,,240.0,0,კონსერვები
"კონსერვი თევზის ""სელფიშ"" შპროტი ზეთში",18.0,3.0,1.0,200.0,5.5,,160.0,0,კონსერვები
"კონსერვი თევზის ""სელფიშ"" სკუმბრია ზეთში",16.0,2.8,1.0,195.0,6.95,,425.0,0,კონსერვები
"კონსერვი თევზის ""სელფიშ"" სკუმბრია ტომატში",10.0,2.0,7.0,160.0,6.95,,425.0,0,კონსერვები
"კონსერვი თევზის ""სტელა მარისი"" ტრესკას ღვიძლი",20.0,3.5,2.0,220.0,7.5,,121.0,0,კონსერვები
"კონსერვი თევზის ""ზა როდინუ"" სკუმბრია ტომატში",9.5,1.8,7.5,155.0,4.95,,185.0,0,კონსერვები
"კონსერვი თევზის ""ზა როდინუ"" სკუმბრია ზეთში",14.0,2.5,1.0,185.0,4.95,,185.0,0,კონსერვები
"კონსერვი თევზის ""ზა როდინუ"" შპროტი ზეთში",19.0,3.2,0.5,205.0,5.5,,160.0,0,კონსერვები
"კონსერვი თევზის ""სელფიშ"" სკუმბრია ტომატში",10.0,2.0,7.0,160.0,3.95,,200.0,0,კონსერვები
"კონსერვი თევზის ""ზა როდინუ"" კილკა ტომატის სოუსში",7.5,1.4,7.0,135.0,4.95,,240.0,0,კონსერვები
"კონსერვი ხორცის ""მიასოფი"" საქონლის უ/ხ",16.0,4.0,2.0,220.0,14.5,,500.0,0,კონსერვები
"კონსერვი ხორცის ""მიასოფი"" ღორის უ/ხ",16.0,4.0,2.0,220.0,6.35,,338.0,0,კონსერვები
"კონსერვი საქონლის ხორცის ""მისნაია ლავკა""",18.0,6.0,1.5,240.0,5.95,,325.0,0,კონსერვები
"შოკოლადის ბატონი ""სნიკერსი""",25.0,10.0,60.0,500.0,2.5,,55.0,0,ტკბილეული და ნაყინი
"შოკოლადის ბატონი ""პიკნიკი""",28.0,12.0,58.0,510.0,2.6,,85.0,0,ტკბილეული და ნაყინი
"შოკოლადის ბატონი ""ბაუნტი""",30.0,18.0,55.0,520.0,2.5,,55.0,0,ტკბილეული და ნაყინი
"შოკოლადის ბატონი ""სნიკერსი"" სუპერი",24.0,9.0,62.0,490.0,3.55,,80.0,0,ტკბილეული და ნაყინი
"შოკოლადის ბატონი ""ჯეთ'ს""",22.0,11.0,64.0,480.0,0.75,,42.0,0,ტკბილეული და ნაყინი
"შოკოლადის ბატონი ""ნათ ენდ გოუ"" ნუშით",32.0,14.0,52.0,530.0,1.5,,34.0,0,ტკბილეული და ნაყინი
"შოკოლადის ბატონი ""იარჩე""",20.0,10.0,65.0,475.0,1.2,,50.0,0,ტკბილეული და ნაყინი
"შოკოლადის ბატონი ""ტვიქსი""",26.0,13.0,59.0,505.0,2.5,,55.0,0,ტკბილეული და ნაყინი
"შოკოლადის ბატონი ""სნიკერსი"" თეთრი შოკოლადი",24.5,13.0,61.0,495.0,3.55,,81.0,0,ტკბილეული და ნაყინი
"ვაფლი ""მილკა""",34.0,20.0,50.0,540.0,2.4,,30.0,0,ტკბილეული და ნაყინი
"შოკოლადის ბატონი ""ტვიქსი"" ექსტრა",27.0,14.0,57.0,510.0,3.55,,75.0,0,ტკბილეული და ნაყინი
"შოკოლადის ბატონი ""ბაუნტი"" ტრიო",31.0,17.0,54.0,525.0,3.55,,82.0,0,ტკბილეული და ნაყინი
"შოკოლადის ბატონი ""ოზერა"" ვაფლით,თხილისა და რძიანი კრემით",33.0,16.0,51.0,535.0,0.95,,23.0,0,ტკბილეული და ნაყინი
"შოკოლადის ბატონი ""სუპერ""",23.0,12.0,63.0,485.0,0.7,,40.0,0,ტკბილეული და ნაყინი
"შოკოლადის ბატონი ""ჟუმკა""",19.0,9.0,67.0,470.0,1.3,,40.0,0,ტკბილეული და ნაყინი
"შოკოლადის ბატონი ""როშენი"" შავი შოკოლადით",18.0,11.0,65.0,460.0,1.75,,43.0,0,ტკბილეული და ნაყინი
"შოკოლადის ბატონი ""ბეიბიფოქსი"" რძიანი შიგთავსით",22.0,13.0,64.0,490.0,2.2,,45.0,0,ტკბილეული და ნაყინი
"შოკოლადის ბატონი ""ზებრა"" არაქისითა და ქიშმიშით",32.0,18.0,45.0,520.0,1.3,,40.0,0,ტკბილეული და ნაყინი
"შოკოლადის ბატონი ""ქინდერი"" ბუენო",36.0,20.0,49.5,572.0,3.15,,42.0,0,ტკბილეული და ნაყინი
"შოკოლადის ბატონი ""ალპენ გოლდი"" ორეო",28.0,15.0,55.0,510.0,1.95,,37.0,0,ტკბილეული და ნაყინი
"შოკოლადის ბატონი ""ტობლერონი"" რძიანი თაფლისა და ნუშის ნუგათი",30.0,18.0,55.0,535.0,14.5,,100.0,0,ტკბილეული და ნაყინი
"შოკოლადის ბატონი თეთრი ""ქინდერი"" ბუენო",35.0,19.0,50.0,560.0,3.15,,42.0,0,ტკბილეული და ნაყინი
"შოკოლადის ბატონი ""ქინდერი"" (8ც)",33.0,19.0,52.0,545.0,6.95,,100.0,0,ტკბილეული და ნაყინი
"შოკოლადის ბატონი ""სუპერ სტეპი""",25.0,14.0,58.0,480.0,1.65,,45.0,0,ტკბილეული და ნაყინი
"შოკოლადის ბატონი ""როშეტო"" შავი შოკოლადით",29.0,17.0,48.0,490.0,1.5,,34.0,0,ტკბილეული და ნაყინი
"შოკოლადის ბატონი ""ტობლერონი"" თეთრი შოკოლადი თაფლისა და ნუშის ნუგათი",32.0,17.0,56.0,540.0,14.5,,100.0,0,ტკბილეული და ნაყინი
"შოკოლადის ბატონი ""ჩუდო"" ვაფლით, თხილის და რძიანი კრემით",31.0,16.0,52.0,530.0,1.75,,55.0,0,ტკბილეული და ნაყინი
"შოკოლადის ბატონი ""მარსი""",17.0,8.0,69.0,448.0,2.5,,50.0,0,ტკბილეული და ნაყინი
"შოკოლადის ფილა ""ალპენ გოლდი"" რძიანი შოკოლადი თხილით და ქიშმიშით",29.0,16.0,48.0,505.0,4.2,,85.0,0,ტკბილეული და ნაყინი
"შოკოლადის ფილა ""ალპენ გოლდი"" რძიანი შოკოლადი",30.0,18.0,56.0,535.0,4.2,,85.0,0,ტკბილეული და ნაყინი
"შოკოლადის ფილა ""ალპენ გოლდი"" რძიანი შოკოლადი თხილით",32.0,17.0,47.0,515.0,4.2,,85.0,0,ტკბილეული და ნაყინი
"შოკოლადის ფილა ""ალპენ გოლდი"" ქოქოსი/ნუში",33.0,19.0,46.0,525.0,4.2,,85.0,0,ტკბილეული და ნაყინი
"შოკოლადის ფილა ""მილკა"" რძიანი შოკოლადი თხილით",31.0,18.0,52.0,530.0,5.5,,90.0,0,ტკბილეული და ნაყინი
"შოკოლადის ფილა ""მილკა"" რძიანი შოკოლადი",32.0,19.0,53.0,535.0,5.5,,90.0,0,ტკბილეული და ნაყინი
"შოკოლადის ფილა ""ალპენ გოლდი"" მაქს ფანი",30.0,17.0,55.0,520.0,7.75,,130.0,0,ტკბილეული და ნაყინი
"შოკოლადის ფილა ""ალპენ გოლდი"" რძიანი შოკოლადი ჰაეროვანი",29.0,16.0,58.0,525.0,4.2,,80.0,0,ტკბილეული და ნაყინი
"შოკოლადის ფილა ""ალპენ გოლდი"" თეთრი შოკოლადი ჰაეროვანი",28.0,15.0,60.0,515.0,4.2,,80.0,0,ტკბილეული და ნაყინი
"შოკოლადის ფილა ""ლაქმი"" რძიანი შიგთავსით და ორცხობილით",33.0,20.0,50.0,540.0,4.55,,100.0,0,ტკბილეული და ნაყინი
"შოკოლადის ფილა ""მილკა"" არაქისის და კარამელის შიგთავსით",34.0,19.0,49.0,545.0,16.95,,276.0,0,ტკბილეული და ნაყინი
"შოკოლადის ფილა ""სლადკო"" შავი სამარხვო",28.0,16.0,52.0,480.0,1.35,,25.0,0,ტკბილეული და ნაყინი
შოკოლადის ფილა ”როშენ პორისტი” ექსტრა შავი,30.0,18.0,48.0,495.0,4.55,,85.0,0,ტკბილეული და ნაყინი
შოკოლადის ფილა ”მილკა ბაბლზი” კაპუჩინოს შიგთავსით,35.0,21.0,48.0,550.0,5.5,,97.0,0,ტკბილეული და ნაყინი
შოკოლადის ფილა ”როშენ პორისტი” თეთრი შოკოლადი,29.0,16.0,56.0,510.0,4.55,,80.0,0,ტკბილეული და ნაყინი
"შოკოლადის ფილა ""ლაქმი"" შოკოლადის შიგთავსით და ვაფლით",32.0,18.0,51.0,535.0,4.55,,90.0,0,ტკბილეული და ნაყინი
"შოკოლადის ფილა ""კორონა"" რძიანი შოკოლადი",31.0,18.0,54.0,530.0,4.7,,85.0,0,ტკბილეული და ნაყინი
"შოკოლადის ფილა ""მილკა"" ჯანჯაფილის ორცხობილით",33.0,19.0,50.0,540.0,19.95,,300.0,0,ტკბილეული და ნაყინი
"შოკოლადის ფილა ""მილკა"" თხილის პასტით, დაქუცმაცებული თხილით და ვაფლით",36.0,22.0,47.0,555.0,8.99,,270.0,0,ტკბილეული და ნაყინი
"შოკოლადის ფილა ""მილკა"" ვანილით და ორეოს ორცხობილით",34.0,20.0,50.0,545.0,16.95,,300.0,0,ტკბილეული და ნაყინი
"შოკოლადის ფილა ""მილკა"" რძიანი შოკოლადი თხილით",31.0,18.0,52.0,530.0,11.95,,140.0,0,ტკბილეული და ნაყინი
"შოკოლადის ფილა ""მილკა"" თეთრი და რძიანი შოკოლადით (საახალწლო)",33.0,19.0,51.0,540.0,6.95,,100.0,0,ტკბილეული და ნაყინი
"შოკოლადის ფილა ""მილკა"" რძიანი შოკოლადი თხილით და ქიშმიშით",32.0,18.0,53.0,535.0,11.95,,140.0,0,ტკბილეული და ნაყინი
"შოკოლადის ფილა ""ალპენ გოლდი"" შავი შოკოლადი",28.0,16.0,52.0,480.0,4.2,,85.0,0,ტკბილეული და ნაყინი
"შოკოლადის ფილა ""მილკა"" რძიანი შოკოლადი ნუშით",30.0,17.0,54.0,525.0,11.95,,140.0,0,ტკბილეული და ნაყინი
"შოკოლადის ფილა ""მილკა"" მთლიანი თხილით და კარამელით",35.0,21.0,49.0,550.0,16.95,,300.0,0,ტკბილეული და ნაყინი
"შოკოლადის ფილა ""კორონა"" რძიანი შოკოლადი ტყის თხილით",33.0,19.0,50.0,540.0,4.7,,85.0,0,ტკბილეული და ნაყინი
"შოკოლადის ფილა ""კორონა"" შავი შოკოლადი",27.0,15.0,50.0,470.0,4.7,,85.0,0,ტკბილეული და ნაყინი
"შოკოლადის ფილა ""მილკა"" მარილიანი ნუშის ნატეხებით და კარამელით",36.0,22.0,48.0,555.0,16.95,,300.0,0,ტკბილეული და ნაყინი
"შოკოლადის ფილა ""ოქროს მონეტა"" ბადეში",31.0,18.0,51.0,520.0,4.95,,50.0,0,ტკბილეული და ნაყინი
"შოკოლადის ფილა ""როშენი"" შავი შოკოლადი 80%",26.0,14.0,48.0,460.0,6.95,,85.0,0,ტკბილეული და ნაყინი
"შოკოლადის ფილა ""როშენი"" შავი შოკოლადი მარილიანი ნუშით 80%",27.0,15.0,47.0,465.0,4.55,,85.0,0,ტკბილეული და ნაყინი
"შოკოლადის ფილა ""მილკა"" მარწყვის ჩიზქეიქი",34.0,20.0,50.0,545.0,19.95,,300.0,0,ტკბილეული და ნაყინი
"შოკოლადის ფილა ""ლოისი"" ქოქოსის ნუგა",32.0,18.0,52.0,530.0,1.8,,80.0,0,ტკბილეული და ნაყინი
"შოკოლადის კრემი ""ნუსა"" (ჭრელი)",34.0,20.0,48.0,540.0,9.95,,400.0,0,ტკბილეული და ნაყინი
"შოკოლადის კრემი ""ნუთელა"" თხილი და კაკაო",36.0,22.0,50.0,565.0,14.95,,350.0,0,ტკბილეული და ნაყინი
"შოკოლადის კრემი ჩხირებით ""ნუთელა & გოუ""",35.0,21.0,49.0,550.0,7.2,,52.0,0,ტკბილეული და ნაყინი
"შოკოლადის კრემი ""ნუსა"" (შავი)",33.0,19.0,47.0,530.0,9.95,,400.0,0,ტკბილეული და ნაყინი
"შოკოლადის კრემი ""ნუთელა""",35.0,21.0,51.0,560.0,23.95,,630.0,0,ტკბილეული და ნაყინი
"შოკოლადის ნაკრები ""მილკა"" თხილის შიგთვსით",31.0,18.0,52.0,525.0,12.95,,110.0,0,ტკბილეული და ნაყინი
"შოკოლადის ნაკრები ""მილკა"" რძიანი",32.0,19.0,53.0,535.0,12.95,,110.0,0,ტკბილეული და ნაყინი
"შოკოლადის ნაკრები ""კუპიდო"" ტრიუფელი შავი",28.0,16.0,52.0,480.0,11.95,,150.0,0,ტკბილეული და ნაყინი
"შოკოლადის ნაკრები ""ჰამლეტი"" ასორტი ბორდოსფერი",30.0,17.0,50.0,510.0,17.95,,125.0,0,ტკბილეული და ნაყინი
"შოკოლადის ნაკრები ""კუპიდო"" ზღვის ნიჟარები",29.0,16.0,48.0,490.0,18.95,,250.0,0,ტკბილეული და ნაყინი
"შოკოლადის ნაკრები ""როშენ ასორტიმენტ” კლასიკი",31.0,18.0,51.0,520.0,12.95,,154.0,0,ტკბილეული და ნაყინი
"კანფეტი ვაფლით ""რაფაელო""",33.0,19.0,49.0,530.0,25.95,,200.0,0,ტკბილეული და ნაყინი
"შოკოლადის ნაკრები ""ექსელციუმი"" პრალინეთი",34.0,20.0,48.0,535.0,13.95,,200.0,0,ტკბილეული და ნაყინი
"კანფეტი ვაფლით ""რაფაელო""",33.0,19.0,49.0,530.0,14.95,,150.0,0,ტკბილეული და ნაყინი
"კანფეტი ვაფლით ""ფერერო როშე""",35.0,21.0,50.0,545.0,19.95,,125.0,0,ტკბილეული და ნაყინი
"შოკოლადის ნაკრები ""მილკა"" საახალწლო",31.0,18.0,52.0,525.0,23.5,,432.0,0,ტკბილეული და ნაყინი
"შოკოლადის ნაკრები ""როტ ფრონტი"" ჩიტის რძე",30.0,17.0,51.0,515.0,12.7,,200.0,0,ტკბილეული და ნაყინი
"შოკოლადის ნაკრები ""მილკა"" საახალწლო",25.0,14.0,55.0,450.0,11.5,,265.0,0,ტკბილეული და ნაყინი
"ზეფირი ""დისნეი"" პრინცესა მარწყვი 4/30",22.0,12.0,45.0,390.0,3.4,,40.0,0,ტკბილეული და ნაყინი
"მინი კრუასანი ""7 Days"" ვანილის კრემით და ალუბლის ჯემით",24.0,13.0,48.0,420.0,6.5,,185.0,0,ტკბილეული და ნაყინი
"ჩხირები ""თვიგი"" ქოქოსით და ნაღების შიგთავსით",25.0,12.0,50.0,450.0,4.4,,185.0,0,ტკბილეული და ნაყინი
"მაფინი ""მადამდე"" შოკოლადის",22.0,10.0,55.0,420.0,6.95,,380.0,0,ტკბილეული და ნაყინი
"მაფინი ""მადამდე"" ვანილის შოკოლადით",23.0,11.0,54.0,425.0,6.95,,380.0,0,ტკბილეული და ნაყინი
"ორცხობილა ""ბისმაკი"" კლასიკური",20.0,8.0,65.0,460.0,2.5,,360.0,0,ტკბილეული და ნაყინი
"ორცხობილა ""საიუბილეო"" ტრადიციული",21.0,9.0,62.0,455.0,2.2,,112.0,0,ტკბილეული და ნაყინი
"ორცხობილა ""საიუბილეო"" ტრადიციული",21.0,9.0,62.0,455.0,4.99,,403.0,0,ტკბილეული და ნაყინი
"ორცხობილა სენდვიჩი ""ორეო"" შოკოლადის ვანილის შიგთავსით",26.0,13.0,58.0,480.0,2.75,,95.0,0,ტკბილეული და ნაყინი
"ორცხობილა სენდვიჩი ""ორეო"" შოკოლადის ვანილის შიგთავსით",26.0,13.0,58.0,480.0,1.3,,38.0,0,ტკბილეული და ნაყინი
"ორცხობილა ""საიუბილეო"" სამარხვო",18.0,7.0,65.0,440.0,4.2,,224.0,0,ტკბილეული და ნაყინი
"ორცხობილა ""საიუბილეო"" რძიანი",22.0,10.0,60.0,465.0,2.3,,112.0,0,ტკბილეული და ნაყინი
"ორცხობილა ""საიუბილეო"" ტრადიციული (1+1)",21.0,9.0,62.0,455.0,5.2,,224.0,0,ტკბილეული და ნაყინი
"ორცხობილა სენდვიჩი ""პრინცესა"" კაკაოს კრემით",25.0,12.0,56.0,475.0,1.95,,150.0,0,ტკბილეული და ნაყინი
"ორცხობილა სენდვიჩი ""ორეო"" შოკოლადის ვანილის შიგთავსით",26.0,13.0,58.0,480.0,6.2,,228.0,0,ტკბილეული და ნაყინი
"ორცხობილა ""ლავიტა"" ჟოლოს ჟელეს შიგთავსით",24.0,11.0,59.0,470.0,3.5,,135.0,0,ტკბილეული და ნაყინი
ორცხობილა იაშკინო ხორბლის,18.0,7.0,65.0,450.0,3.4,,350.0,0,ტკბილეული და ნაყინი
"ორცხობილა ""ბისმაკი"" პეტიტ ბიურე",22.0,10.0,60.0,465.0,3.95,,400.0,0,ტკბილეული და ნაყინი
"ორცხობილა ""ფორსაიტი"" შოკოლადისა და თხილის გემოთი",27.0,14.0,55.0,485.0,3.3,,220.0,0,ტკბილეული და ნაყინი
"ორცხობილა ""იაშკინო"" შოკოლადის ნატეხებით",26.0,12.0,58.0,480.0,3.2,,200.0,0,ტკბილეული და ნაყინი
"ორცხობილა ""ბელვიტა"" თაფლით",20.0,8.0,62.0,460.0,5.95,,225.0,0,ტკბილეული და ნაყინი
"ორცხობილა ""ხრუსტიმი"" სტეიკის და შავი პილპილის",22.0,10.0,55.0,420.0,1.95,,70.0,0,ტკბილეული და ნაყინი
"ორცხობილა ""იაშკინო"" ალუბლის ჟელეთი",22.0,10.0,60.0,465.0,2.45,,137.0,0,ტკბილეული და ნაყინი
"ორცხობილა ""იაშკინო"" მარწყვით",21.0,9.0,62.0,460.0,1.99,,190.0,0,ტკბილეული და ნაყინი
"ორცხობილა ""ხრუსტიმი"" ყველის ჩხირები",22.0,10.0,55.0,420.0,1.95,,70.0,0,ტკბილეული და ნაყინი
"ორცხობილა ""მალოჩნიკი""",18.0,7.0,65.0,450.0,2.95,,320.0,0,ტკბილეული და ნაყინი
"ორცხობილა შვრიის ""სანდომი""",20.0,8.0,63.0,455.0,5.45,,360.0,0,ტკბილეული და ნაყინი
"ორცხობილა ""ფორსაიტი შოკოლადისა და ნაღების გემოთი",25.0,12.0,57.0,475.0,3.3,,220.0,0,ტკბილეული და ნაყინი
"ორცხობილა ""ლავიტა"" ლიმონით",21.0,9.0,62.0,460.0,4.8,,152.0,0,ტკბილეული და ნაყინი
"ორცხობილა ""სანდომი"" ხრაშუნა ყურები",23.0,11.0,59.0,470.0,5.95,,300.0,0,ტკბილეული და ნაყინი
"ორცხობილა ""დო კავი"" რძიანი",22.0,10.0,60.0,465.0,4.5,,370.0,0,ტკბილეული და ნაყინი
"ორცხობილა ""იაშკინო"" ნაღებით",24.0,11.0,58.0,475.0,3.2,,190.0,0,ტკბილეული და ნაყინი
"ორცხობილა ""ტუტკუ""",19.0,8.0,64.0,450.0,4.55,,180.0,0,ტკბილეული და ნაყინი
"ორცხობილა ""ლავიტა"" ბრაუნი კაკაოთი",26.0,13.0,56.0,480.0,4.8,,152.0,0,ტკბილეული და ნაყინი
"ორცხობილა გლაზირებული ""ჩოკო პაი""",27.0,14.0,55.0,485.0,13.45,,360.0,0,ტკბილეული და ნაყინი
"ორცხობილა ""სანდომი"" ბანანი ფორთოხლის ჯემით",22.0,10.0,60.0,465.0,6.9,,480.0,0,ტკბილეული და ნაყინი
"ორცხობილა გლაზირებული ""ჩოკო პაი""",27.0,14.0,55.0,485.0,4.49,,180.0,0,ტკბილეული და ნაყინი
"ორცხობილა ""ლავიტა"" კაკაოთი შოკოლადის გლაზურით",28.0,15.0,54.0,490.0,3.85,,150.0,0,ტკბილეული და ნაყინი
"ორცხობილა ""სანდომი"" ბალიში ალუბლის ჯემით",23.0,11.0,59.0,470.0,5.9,,350.0,0,ტკბილეული და ნაყინი
"ორცხობილა ""სანდომი"" ნავი ქოქოსით",20.0,8.0,63.0,455.0,5.85,,350.0,0,ტკბილეული და ნაყინი
"ორცხობილა გლაზირებული ""იაშკინო""",24.0,12.0,58.0,475.0,3.9,,180.0,0,ტკბილეული და ნაყინი
"ორცხობილა ""სანდომი"" ხრაშუნა ხვეულა",22.0,10.0,60.0,465.0,5.5,,200.0,0,ტკბილეული და ნაყინი
"ბლითი ""კროკო"" მარილიანი",22.0,10.0,55.0,420.0,3.55,,200.0,0,ტკბილეული და ნაყინი
"ორცხობილა ""ბელვიტა"" შოკოლადის მარცვლებით",20.0,8.0,62.0,460.0,5.95,,225.0,0,ტკბილეული და ნაყინი
"ორცხობილა სენდვიჩი ""სანდომი"" ალუბლის ჯემით შოკოლადში",24.0,12.0,58.0,475.0,10.9,,650.0,0,ტკბილეული და ნაყინი
"მიდი კრუასანი ""ბრიმორი"" შოკოლადის შიგთავსით",26.0,13.0,56.0,480.0,1.45,,55.0,0,ტკბილეული და ნაყინი
"ბისკვიტი ""ბარნი"" შოკოლადის შიგთავსით",27.0,14.0,55.0,485.0,1.35,,30.0,0,ტკბილეული და ნაყინი
"ბისკვიტი ""ბარნი"" რძიანი შოკოლადის შიგთავსით",28.0,15.0,54.0,490.0,1.35,,30.0,0,ტკბილეული და ნაყინი
"მიდი კრუასანი ""ბრიმორი"" მარწყვის შიგთავსით",25.0,12.0,57.0,470.0,1.45,,55.0,0,ტკბილეული და ნაყინი
"ბისკვიტი ""ბარნი"" შოკოლადის შიგთავსით",27.0,14.0,55.0,485.0,6.75,,150.0,0,ტკბილეული და ნაყინი
"რულეტი ""ვიტბა"" შოკოლადის შიგთავსით",24.0,11.0,59.0,475.0,2.6,,150.0,0,ტკბილეული და ნაყინი
"რულეტი ""ვიტბა"" ალუბლის შიგთავსით",22.0,10.0,60.0,465.0,2.6,,150.0,0,ტკბილეული და ნაყინი
"ბისკვიტი ""ბარნი"" შოკოლადის შიგთავსით",27.0,14.0,55.0,485.0,11.95,,300.0,0,ტკბილეული და ნაყინი
"ბისკვიტი ""ბარნი"" რძიანი შიგთავსით",26.0,13.0,56.0,480.0,6.75,,150.0,0,ტკბილეული და ნაყინი
"მინი რულეტი ""ვიტექსი"" შოკოლადით",28.0,15.0,54.0,490.0,3.95,,150.0,0,ტკბილეული და ნაყინი
"მაფინი ""მადამდე"" ხაჭოთი",23.0,11.0,58.0,450.0,3.99,,210.0,0,ტკბილეული და ნაყინი
"მინი რულეტი ""ვიტექსი"" ფორთოხლით",27.0,14.0,55.0,485.0,3.95,,150.0,0,ტკბილეული და ნაყინი
"ბისკვიტი ""მილკა"" შოკოლადის შიგთავსით და ნატეხებით",24.0,12.0,59.0,475.0,8.95,,175.0,0,ტკბილეული და ნაყინი
"ფუნთუშა ""ვინილი"" ალუბლით",21.0,9.0,62.0,460.0,2.5,,200.0,0,ტკბილეული და ნაყინი
"ვაფლის რულეტი ""ვიტბა"" შოკოლადის მინანქრით",26.0,13.0,56.0,480.0,2.4,,100.0,0,ტკბილეული და ნაყინი
"ვაფლი ""ვაფლიმი"" კაკაოს კრემით",27.0,14.0,55.0,485.0,1.59,,170.0,0,ტკბილეული და ნაყინი
"ვაფლი ""ვაფლიმი"" დღე და ღამე",28.0,15.0,54.0,490.0,1.59,,170.0,0,ტკბილეული და ნაყინი
ვაფლის ჩხირები ”იაშკინო” შედედებული რძით,27.0,14.0,55.0,485.0,3.2,,190.0,0,ტკბილეული და ნაყინი
"ვაფლი ""სანდომი"" შავი შოკოლადით სამარხვო",25.0,12.0,58.0,475.0,3.6,,216.0,0,ტკბილეული და ნაყინი
ვაფლის ჩხირები ”კონაფეტო” კაკაოს შიგთავსით,26.0,13.0,56.0,480.0,3.8,,156.0,0,ტკბილეული და ნაყინი
ვაფლის ჩხირები ”კონაფეტო” რძიანი შიგთავსით,27.0,14.0,55.0,485.0,3.8,,156.0,0,ტკბილეული და ნაყინი
ვაფლი იაშკინო კარამელით,28.0,15.0,54.0,490.0,3.95,,290.0,0,ტკბილეული და ნაყინი
"ვაფლი ""ჩაიკა"" კაკაოს მუსით",24.0,12.0,59.0,475.0,3.65,,300.0,0,ტკბილეული და ნაყინი
"კანფეტი შოკოლადის ""ჯეკი""",30.0,17.0,52.0,510.0,6.5,,225.0,0,ტკბილეული და ნაყინი
"ვაფლის ტორტი ""ბისმაკი"" შოკოლადის მიწისთხილით",28.0,15.0,56.0,495.0,4.5,,250.0,0,ტკბილეული და ნაყინი
"ბამბუკის ჩხირი ""კრესკო"" შოკოლადით",27.0,14.0,55.0,485.0,4.2,,140.0,0,ტკბილეული და ნაყინი
"ვაფლი ""მიშკა კასალაპი""",26.0,13.0,57.0,480.0,7.9,,220.0,0,ტკბილეული და ნაყინი
"ვაფლის ტორტი ""ვიტბა"" ქოქოსით",28.0,15.0,54.0,490.0,4.5,,180.0,0,ტკბილეული და ნაყინი
"ვაფლის ტორტი ""ბისმაკი"" შოკოლადის",29.0,16.0,53.0,495.0,2.99,,180.0,0,ტკბილეული და ნაყინი
"ვაფლი ""როშენ ვაფერს"" შოკოლადის",27.0,14.0,55.0,485.0,4.7,,216.0,0,ტკბილეული და ნაყინი
"ვაფლი ""როშენ ვაფერს"" თხილის მუსით",28.0,15.0,54.0,490.0,4.7,,216.0,0,ტკბილეული და ნაყინი
"ვაფლი დიაბეტური ""ხბფ"" კაკაოთი",24.0,12.0,58.0,450.0,2.95,,130.0,0,ტკბილეული და ნაყინი
"ვაფლი ვენური ""აკულჩევი"" შედედებული რძით",25.0,13.0,57.0,475.0,2.95,,100.0,0,ტკბილეული და ნაყინი
"ვაფლის ტორტი "" იაშკინო"" შოკოლადის გლაზურით და თხილით",29.0,16.0,52.0,500.0,6.5,,250.0,0,ტკბილეული და ნაყინი
"ვაფლის ტორტი "" იაშკინო"" შოკოლადის მიწისთხილით და თხილით",30.0,17.0,51.0,505.0,4.95,,250.0,0,ტკბილეული და ნაყინი
"კანფეტი ვაფლით ""რაფაელო""",33.0,19.0,49.0,530.0,4.95,,40.0,0,ტკბილეული და ნაყინი
"კანფეტი დრაჟე ""იაშკინო"" მიწისთხილით",28.0,15.0,56.0,495.0,15.5,,500.0,0,ტკბილეული და ნაყინი
"კანფეტი დრაჟე ""ემოჯი""",25.0,14.0,55.0,450.0,6.3,,80.0,0,ტკბილეული და ნაყინი
"კანფეტი შოკოლადის ""ბორა-ბორა"" ქოქოსით",30.0,18.0,52.0,510.0,5.0,,200.0,0,ტკბილეული და ნაყინი
"კანფეტი სუფლე ""მარსიანკა"" ტირამისუ",28.0,16.0,54.0,495.0,4.99,,200.0,0,ტკბილეული და ნაყინი
"კანფეტი შოკოლადის ""სანდომი"" ჩიტის რძე შედედებული რძით",29.0,17.0,53.0,505.0,8.95,,300.0,0,ტკბილეული და ნაყინი
"კანფეტი შოკოლადის ტრუფელი ""ფინქი""",32.0,19.0,50.0,520.0,7.95,,163.0,0,ტკბილეული და ნაყინი
"კანფეტი შოკოლადის ""ჩიო რიო""",31.0,18.0,51.0,515.0,9.95,,500.0,0,ტკბილეული და ნაყინი
"კანფეტი შოკოლადის ""ფერერო როშე""",33.0,20.0,49.0,530.0,5.5,,37.5,0,ტკბილეული და ნაყინი
"კანფეტი ""სანდომი"" გრილიაჟი",27.0,15.0,55.0,485.0,4.75,,210.0,0,ტკბილეული და ნაყინი
კანფეტი შოკოლადის ”მექსიკანა”,29.0,17.0,52.0,500.0,7.2,,500.0,0,ტკბილეული და ნაყინი
"კანფეტი სუფლე ""რაისკიე ობლაკა"" ნაღების",28.0,16.0,54.0,490.0,5.95,,200.0,0,ტკბილეული და ნაყინი
"კანფეტი შოკოლადის ""კობარდე""",32.0,19.0,50.0,525.0,4.0,,135.0,0,ტკბილეული და ნაყინი
"კანფეტი შოკოლადის ""გლეისი""",30.0,18.0,52.0,510.0,5.9,,500.0,0,ტკბილეული და ნაყინი
"კანფეტი შოკოლადის ""სტარტ კოკო"" ქოქოსით",31.0,18.0,51.0,515.0,5.35,,200.0,0,ტკბილეული და ნაყინი
"კანფეტი შოკოლადის ""ოტლომი""",29.0,17.0,53.0,505.0,6.5,,200.0,0,ტკბილეული და ნაყინი
კანფეტი შოკოლადის ”ჯეთსი”,32.0,19.0,50.0,520.0,5.9,,500.0,0,ტკბილეული და ნაყინი
"კანფეტი შოკოლადის ""Pure Love"" ნუგა",34.0,20.0,48.0,535.0,13.95,,500.0,0,ტკბილეული და ნაყინი
კანფეტი შოკოლადის ”როდეო”,31.0,18.0,51.0,515.0,6.95,,500.0,0,ტკბილეული და ნაყინი
"კანფეტი შოკოლადის ""ოქროს ლილია""",32.0,19.0,50.0,525.0,6.95,,200.0,0,ტკბილეული და ნაყინი
კანფეტი შოკოლადის ”ფურორი” ნუგა და კარამელი,33.0,20.0,49.0,530.0,7.2,,500.0,0,ტკბილეული და ნაყინი
"კანფეტი შოკოლადის ""სლადუნიცა"" ბრაუნის",35.0,21.0,47.0,540.0,10.95,,500.0,0,ტკბილეული და ნაყინი
"კანფეტი შოჯოლადის ""ვერსალი""",31.0,18.0,51.0,515.0,8.2,,500.0,0,ტკბილეული და ნაყინი
"კანფეტი შოკოლადის ""სლადუნიცა"" ჩიზქეიქი",32.0,19.0,50.0,525.0,10.95,,500.0,0,ტკბილეული და ნაყინი
კანფეტი შოკოლადის ”როშენი” ქენდი ნათს კარამელით და მიწის თხილით,33.0,20.0,49.0,530.0,7.5,,350.0,0,ტკბილეული და ნაყინი
"კანფეტი შოკოლადის ""იარჩე"" მიწის თხილით",32.0,19.0,50.0,520.0,6.4,,500.0,0,ტკბილეული და ნაყინი
"კანფეტი ჰალვა ""მიშკინო"" შოკოლადით და მიწის თხილით",34.0,21.0,48.0,535.0,5.8,,240.0,0,ტკბილეული და ნაყინი
კანფეტი შოკოლადის “ჰითმიქსი” მიწისთხილით,32.0,19.0,50.0,525.0,11.95,,500.0,0,ტკბილეული და ნაყინი
"კანფეტი შოკოლადის ""ჟელეინიე"" ალუბლის ჟელეთი",27.0,15.0,55.0,485.0,5.9,,500.0,0,ტკბილეული და ნაყინი
"კანფეტი შოკოლადის ""ბეიბიფოქსი"" რძიანი შიგთავსით",30.0,18.0,52.0,510.0,6.2,,120.0,0,ტკბილეული და ნაყინი
"კანფეტი ვაფლით ""კრასნი ოქტიაბრი"" მიშკა კასალაპი",28.0,16.0,54.0,495.0,13.9,,200.0,0,ტკბილეული და ნაყინი
"კანფეტი შოკოლადის ""ნათ სთორი"" მიწის თხილით",32.0,19.0,50.0,520.0,15.5,,500.0,0,ტკბილეული და ნაყინი
"ჟელიბონი ""იამმი გამმი"" ფანი კოლა",0.2,0.1,86.0,350.0,4.5,,70.0,0,ტკბილეული და ნაყინი
"ჟელიბონი ""იამმი გამმი"" ფიზი ვორმს",0.3,0.1,87.0,355.0,4.5,,70.0,0,ტკბილეული და ნაყინი
"ჟელიბონი ""იამმი გამმი"" მინი ბეარ მიქს",0.4,0.2,88.0,360.0,2.69,,70.0,0,ტკბილეული და ნაყინი
"კანფეტი ჟელე ""როშენი"" ფუტკრები",0.1,0.0,85.0,345.0,7.95,,500.0,0,ტკბილეული და ნაყინი
"კანფეტი ჟელე ""ნესი""",0.2,0.1,84.0,340.0,5.7,,500.0,0,ტკბილეული და ნაყინი
"კანფეტი საღეჭი ""როშენი"" ჟელი ფრუტი",0.3,0.1,92.0,370.0,7.2,,500.0,0,ტკბილეული და ნაყინი
"კანფეტი მარმელადი ""აზოვი"" ხილის მიქსი",0.5,0.2,82.0,385.0,4.35,,300.0,0,ტკბილეული და ნაყინი
კანფეტი საღეჭი ”როშენი” ჟელი ფრუტი,0.3,0.1,92.0,370.0,6.3,,410.0,0,ტკბილეული და ნაყინი
"კანფეტი საღეჭი ""ტოფიქსი"" ხილის",0.2,0.1,94.0,375.0,4.0,,200.0,0,ტკბილეული და ნაყინი
"კანფეტი ირისი ""მიეშკო"" კაროვკა",12.0,8.0,78.0,440.0,4.95,,215.0,0,ტკბილეული და ნაყინი
"კანფეტი კარამელი ""ესტელლა"" კოწახური",24.0,19.0,61.0,475.0,3.95,,250.0,0,ტკბილეული და ნაყინი
"კანფეტი კარამელი ""როშენი"" ბიმ-ბომ",19.0,14.0,69.0,455.0,6.65,,500.0,0,ტკბილეული და ნაყინი
"კანფეტი კარამელი ""როშენი"" მალოჩნაია კაპლია",21.0,17.0,66.0,465.0,8.3,,500.0,0,ტკბილეული და ნაყინი
კანფეტი ირისი ”როშენი” მინკი ბინკი,11.0,7.0,79.0,435.0,7.2,,410.0,0,ტკბილეული და ნაყინი
კანფეტი კარამელი ”როშენი” კიბოს კისერი,24.0,19.0,63.0,475.0,7.5,,410.0,0,ტკბილეული და ნაყინი
"კანფეტი კარამელი ""კრემკა"" რძიანი",22.0,18.0,65.0,465.0,5.95,,500.0,0,ტკბილეული და ნაყინი
კანფეტი კარამელი ”როშენი” ბიმ-ბომ,19.0,14.0,69.0,455.0,5.95,,410.0,0,ტკბილეული და ნაყინი
კანფეტი კარამელი ”როშენი” მალოჩნაია კაპლია,21.0,17.0,66.0,465.0,7.5,,410.0,0,ტკბილეული და ნაყინი
"კანფეტი კარამელი ""ლომტიკი"" ხილის მიქსი",18.0,12.0,70.0,450.0,4.9,,500.0,0,ტკბილეული და ნაყინი
"კანფეტი კარამელი ჯოხზე ""ტროლები""",20.0,15.0,68.0,460.0,0.3,,11.4,0,ტკბილეული და ნაყინი
კანფეტი კარამელი ჯოხზე სპირალი,23.0,16.0,67.0,470.0,1.5,,40.0,0,ტკბილეული და ნაყინი
"მარმელადი ჯოხზე ""ვიდალი""",15.0,10.0,75.0,445.0,1.95,,40.0,0,ტკბილეული და ნაყინი
"კანფეტი დრაჟე ""ქოსბი""",8.0,5.0,82.0,420.0,1.95,,27.0,0,ტკბილეული და ნაყინი
"კანფეტი კარამელი ჯოხზე ""ჩუპა ჩუპსი"" XXL",25.0,18.0,65.0,480.0,1.1,,29.0,0,ტკბილეული და ნაყინი
"კანფეტი სიურპრიზით ""ქოსბი""",10.0,6.0,78.0,435.0,1.95,,6.0,0,ტკბილეული და ნაყინი
"ვაფლის კორნეტი ""ოზმო"" შოკოლადით",28.0,20.0,60.0,510.0,1.95,,25.0,0,ტკბილეული და ნაყინი
"კანფეტი კარამელი ჯოხზე ""ჩუპა ჩუპსი"" მელოდი პოპს",24.0,17.0,64.0,475.0,1.4,,15.0,0,ტკბილეული და ნაყინი
"კანფეტი კარამელი ჯოხზე ""ოზმო ფან"" რძიანი შოკოლადით",26.0,19.0,62.0,495.0,2.75,,23.0,0,ტკბილეული და ნაყინი
"შოკოლადის ბატონი ""ქინდერი"" (4ც)",32.0,22.0,58.0,550.0,3.45,,50.0,0,ტკბილეული და ნაყინი
"კანფეტი დრაჟე ""პანდა""",7.0,4.0,84.0,415.0,7.3,,150.0,0,ტკბილეული და ნაყინი
"შოკოლადის კვერცხი სიურპიზით და ფანეტელბით ""ქოსბი"" ბიჭისთვის",30.0,20.0,55.0,520.0,3.2,,20.0,0,ტკბილეული და ნაყინი
"შოკოლადის კვერცხი სიურპრიზით ""ქინდერი""",35.0,22.0,52.0,565.0,4.35,,20.0,0,ტკბილეული და ნაყინი
"შოკოლადის კვერცხი სიურპიზით და ფანეტელბით ""ქოსბი"" გოგოსთვის",30.0,20.0,55.0,520.0,3.2,,20.0,0,ტკბილეული და ნაყინი
"შოკოლადის კვერცხი სიურპრიზით ""ოზმო""",32.0,21.0,54.0,530.0,3.75,,20.0,0,ტკბილეული და ნაყინი
"ჟელიბონი ""ბებეტო"" ბელთი",0.2,0.1,85.0,345.0,3.95,,75.0,0,ტკბილეული და ნაყინი
"კექსი ""ოზმო"" ოგოპოგო",18.0,10.0,60.0,420.0,1.3,,34.0,0,ტკბილეული და ნაყინი
"ბისკვიტი ""ქინდერი"" დელისი შოკოლადით",25.0,15.0,62.0,490.0,2.2,,42.0,0,ტკბილეული და ნაყინი
"ჟელიბონი ""ჰარიბო"" ოქროს დათვები",0.1,0.0,84.0,340.0,4.5,,80.0,0,ტკბილეული და ნაყინი
"ჟელიბონი ""ჰარიბო"" კოლა",0.2,0.1,83.0,335.0,4.5,,80.0,0,ტკბილეული და ნაყინი
"ჟელიბონი ""ჰარიბო"" მატლები",0.3,0.1,86.0,350.0,4.5,,80.0,0,ტკბილეული და ნაყინი
"ჟელიბონი ""ბებეტო"" თასმები",0.4,0.2,87.0,355.0,3.95,,75.0,0,ტკბილეული და ნაყინი
"ზეფირი ""ფანი"" კონუსი",2.0,1.0,82.0,380.0,5.5,,175.0,0,ტკბილეული და ნაყინი
"ხილის ფაფა ""აგუშა"" ვაშლი-მაყვალი-ჟოლო",0.5,0.1,18.0,85.0,2.6,,90.0,0,ტკბილეული და ნაყინი
"ხილის ფაფა ""აგუშა"" მულტიხილი",0.4,0.1,19.0,82.0,2.6,,90.0,0,ტკბილეული და ნაყინი
"ხილის ფაფა ""აგუშა"" ვაშლი",0.3,0.0,20.0,80.0,2.6,,90.0,0,ტკბილეული და ნაყინი
"ჟელიბონი ""ჰარიბო"" ვარსკვლავების მიქსი",0.2,0.1,83.0,340.0,4.5,,80.0,0,ტკბილეული და ნაყინი
"ხილის ფაფა ""აგუშა"" ვაშლი-მარწყვი-ჟოლო",0.4,0.1,19.0,82.0,2.6,,90.0,0,ტკბილეული და ნაყინი
"ხილის ფაფა ""აგუშა"" ვაშლი-ატამი",0.3,0.1,20.0,80.0,2.6,,90.0,0,ტკბილეული და ნაყინი
"საღეჭი რეზინი ""ფანი"" ხილის",0.5,0.2,88.0,360.0,2.95,,75.0,0,ტკბილეული და ნაყინი
"ხილის ფაფა ""აგუშა"" მსხალი",0.2,0.0,19.0,78.0,2.6,,90.0,0,ტკბილეული და ნაყინი
"ხილის ფაფა ""აგუშა"" ვაშლი-ბანანი-ნამცხვარი",0.3,0.1,19.0,81.0,2.6,,90.0,0,ტკბილეული და ნაყინი
"ხილის ფაფა ""აგუშა"" ვაშლი-მსხალი-ბანანი-მანგო",0.4,0.1,18.0,83.0,2.6,,90.0,0,ტკბილეული და ნაყინი
"კანფეტი სიურპრიზით ""ოკინ"" გოგოსთვის",15.0,10.0,75.0,450.0,9.9,,1.0,0,ტკბილეული და ნაყინი
"კანფეტი სიურპრიზით ""ოკინ"" ბიჭისთვის",15.0,10.0,75.0,450.0,9.9,,1.0,0,ტკბილეული და ნაყინი
"ზეფირი ""ბებეტო"" ფერების მიქსი",1.5,0.8,85.0,375.0,2.5,,30.0,0,ტკბილეული და ნაყინი
"ზეფირი ""ბებეტო"" ცისარტყელა",1.2,0.7,86.0,370.0,3.95,,60.0,0,ტკბილეული და ნაყინი
"შოკოლადის კვერცხი სიურპიზით ""ქინდერი"" ჯოი",36.0,23.0,50.0,570.0,4.2,,20.0,0,ტკბილეული და ნაყინი
"ზეფირი ""ბებეტო"" როლერი",1.8,1.0,84.0,380.0,3.95,,60.0,0,ტკბილეული და ნაყინი
"საღეჭი რეზინი ""დიროლი"" საზამთროს და ნესვის კოქტეილი",0.3,0.1,86.0,350.0,1.4,,13.2,0,ტკბილეული და ნაყინი
"საღეჭი რეზინი ""დიროლი"" საზამთრო",0.2,0.1,87.0,355.0,1.4,,13.6,0,ტკბილეული და ნაყინი
"საღეჭი რეზინი ""დიროლი"" პიტნის გამყინვარება",0.2,0.1,86.0,350.0,1.4,,13.6,0,ტკბილეული და ნაყინი
"საღეჭი რეზინი ""დიროლი"" ალუბლისა და მარწყვის არომატით",0.3,0.1,87.0,355.0,1.4,,13.6,0,ტკბილეული და ნაყინი
"საღეჭი რეზინი ""დიროლი"" XXL ხილის მიქსი",0.4,0.2,88.0,360.0,1.95,,19.0,0,ტკბილეული და ნაყინი
"საღეჭი რეზინი ""დიროლი"" პიტნა",0.2,0.1,86.0,350.0,1.4,,13.6,0,ტკბილეული და ნაყინი
"საღეჭი რეზინი ""დიროლი"" შავი პიტნის გემოთი",0.3,0.1,87.0,355.0,1.4,,13.6,0,ტკბილეული და ნაყინი
"საღეჭი რეზინი ""დიროლი"" პიტნა",0.2,0.1,86.0,350.0,2.7,,19.5,0,ტკბილეული და ნაყინი
"საღეჭი რეზინი ""დიროლი"" იქს-ფრეში საზამთრო",0.1,0.0,85.0,345.0,2.1,,18.0,0,ტკბილეული და ნაყინი
"საღეჭი რეზინი ""დიროლი"" ხილის ასორტით საბავშვო",0.5,0.2,88.0,360.0,1.4,,13.5,0,ტკბილეული და ნაყინი
"საღეჭი რეზინი ""დიროლი"" ლაიმი და მარწყვი",0.3,0.1,87.0,355.0,2.7,,19.5,0,ტკბილეული და ნაყინი
"საღეჭი რეზინი ""დიროლი"" XXL მარწყვის მიქსი",0.5,0.3,89.0,365.0,1.95,,19.0,0,ტკბილეული და ნაყინი
"საღეჭი რეზინი ""დიროლი"" იქს-ფრეში მოცვი და ციტრუსი",0.2,0.1,86.0,350.0,2.1,,16.0,0,ტკბილეული და ნაყინი
"კანფეტი დრაჟე ""სქითლს"" ხილი",8.0,5.0,82.0,420.0,2.2,,38.0,0,ტკბილეული და ნაყინი
"შოკოლადის დრაჟე ""m & m"" მიწის თხილთ",25.0,15.0,60.0,500.0,2.5,,45.0,0,ტკბილეული და ნაყინი
"კანფეტი დრაჟე ""სქითლს"" ტყის კენკრა",7.0,4.0,84.0,415.0,2.2,,38.0,0,ტკბილეული და ნაყინი
"კანფეტი დრაჟე ""ტიკ-ტაკი"" მენთოლის გემოთი",2.0,1.5,85.0,380.0,2.55,,16.0,0,ტკბილეული და ნაყინი
"კანფეტი დრაჟე ""ტიკ-ტაკი"" ფორთოხლის გემოთი",1.8,1.2,86.0,375.0,2.55,,16.0,0,ტკბილეული და ნაყინი
"კანფეტი საღეჭი ""მენთოსი"" ხილის ასორტი",0.5,0.2,88.0,360.0,1.85,,37.0,0,ტკბილეული და ნაყინი
"შოკოლადის დრაჟე ""m & m""",24.0,14.0,62.0,490.0,2.5,,45.0,0,ტკბილეული და ნაყინი
"ირისი ""მელერი"" შოკოლადი (ყავისფერი)",12.0,8.0,78.0,440.0,1.85,,38.0,0,ტკბილეული და ნაყინი
"კანფეტი საღეჭი ""ჩუპა ჩუპსი"" კოლა",0.5,0.2,89.0,365.0,2.4,,47.0,0,ტკბილეული და ნაყინი
"საღეჭი რეზინი ""ბებეტო""",0.3,0.1,87.0,355.0,2.95,,30.0,0,ტკბილეული და ნაყინი
"კანფეტი საღეჭი ""ტოფიტა"" ალუბლის",0.4,0.2,92.0,370.0,1.6,,47.0,0,ტკბილეული და ნაყინი
"კანფეტი საღეჭი ""ტოფიტა"" მარწყვის",0.4,0.2,92.0,370.0,1.6,,47.0,0,ტკბილეული და ნაყინი
"კანფეტი დრაჟე ""ბებეტო"" ხილის მიქსი",8.0,5.0,82.0,420.0,2.55,,36.0,0,ტკბილეული და ნაყინი
"კანფეტი დრაჟე ""ბებეტო"" ტროპიკული ხილი",7.0,4.0,84.0,415.0,2.55,,36.0,0,ტკბილეული და ნაყინი
"ნაყინი ჭიქის ""თოლია"" ვანილის",12.0,8.0,25.0,220.0,1.2,,110000.0,0,ტკბილეული და ნაყინი
"ნაყინი ჯოხზე ""თოლია"" შოკოლადის/შავი შოკოლადის სარკალში",20.0,12.0,32.0,320.0,1.2,,95000.0,0,ტკბილეული და ნაყინი
"ნაყინი ჯოხზე ""თოლია"" ვანილის/რძიანი შოკოლადის სარკალში",19.0,11.0,31.0,310.0,1.2,,95000.0,0,ტკბილეული და ნაყინი
"ნაყინი ""ნუვო"" შოკოლადის/შესქელებული რძით/შავი შოკოლადის სარკალში",16.0,10.0,30.0,280.0,2.5,,130000.0,0,ტკბილეული და ნაყინი
"ნაყინი სენდვიჩი ""თოლია""",14.0,9.0,28.0,260.0,1.8,,110000.0,0,ტკბილეული და ნაყინი
"ნაყინი ჭიქის ""თოლია"" შოკოლადის",13.0,8.0,26.0,230.0,1.2,,110000.0,0,ტკბილეული და ნაყინი
"ნაყინი ""ნუვო"" ვანილის/კარამელით/რძიანი შოკოლადის სარკალში",15.0,9.0,29.0,275.0,2.5,,130000.0,0,ტკბილეული და ნაყინი
"ნაყინი სენდვიჩი ""ჯენიო"" რძიანი შოკოლადით",14.0,8.0,27.0,250.0,2.5,,135000.0,0,ტკბილეული და ნაყინი
"ნაყინი სენდვიჩი ""თოლია"" ვანილის/ნამცხვრის ფირფიტებით",15.0,9.0,28.0,265.0,1.8,,110000.0,0,ტკბილეული და ნაყინი
"ნაყინი ""ლოლო"" მარწყვის",10.0,6.0,22.0,190.0,1.8,,120000.0,0,ტკბილეული და ნაყინი
"ნაყინი ჭიქის ""თოლია"" კრემბრულე",14.0,8.0,26.0,240.0,1.2,,110000.0,0,ტკბილეული და ნაყინი
"ნაყინი ჯოხზე ""ესკიმა"" შოკოლადის/შავი შოკოლადის სარკალში არაქისით",22.0,14.0,30.0,340.0,1.8,,130000.0,0,ტკბილეული და ნაყინი
"ნაყინი ესკიმო ""ინდიგო"" თხილის შოკოლადით",21.0,13.0,29.0,330.0,3.5,,130000.0,0,ტკბილეული და ნაყინი
"ნაყინი ""ლოლო"" ვანილის",11.0,7.0,23.0,200.0,1.8,,120000.0,0,ტკბილეული და ნაყინი
"ნაყინი ჯოხზე ""ინდიგო"" ვანილის/რძიანი შოკოლადის სარკალში",18.0,11.0,31.0,300.0,3.5,,130000.0,0,ტკბილეული და ნაყინი
"შოკოლადის ნაყინი ჯოხზე ""ინდიგო"" შავი შოკოლადის სარკალში",19.0,12.0,31.0,310.0,3.5,,130000.0,0,ტკბილეული და ნაყინი
"ნაყინი ესკიმო ""ინდიგო"" ნუშის თეთრი შოკოლადით",22.0,14.0,30.0,340.0,3.5,,130000.0,0,ტკბილეული და ნაყინი
"ნაყინი ჭიქის ""თოლია"" ვანილის/მარწყვის ჯემით",12.0,7.0,24.0,210.0,1.2,,110000.0,0,ტკბილეული და ნაყინი
"ნაყინი ჭიქის ""თოლია"" ვანილი/შოკოლადი",13.0,8.0,25.0,225.0,1.2,,110000.0,0,ტკბილეული და ნაყინი
"ნაყინი სიურპრიზით ""სკუპი"" ვანილის/რძიანი შოკოლადის ბურთულებით /ბიჭი/",17.0,10.0,28.0,290.0,3.9,,60.0,0,ტკბილეული და ნაყინი
"ნაყინი სიურპრიზით ""სკუპი"" ვანილის/რძიანი შოკოლადის ბურთულებით /გოგო/",17.0,10.0,28.0,290.0,3.9,,60.0,0,ტკბილეული და ნაყინი
"ნაყინი ჯოხზე ""თოლია"" ვანილი/რძიანი შოკოლადი",18.0,11.0,30.0,305.0,1.8,,130000.0,0,ტკბილეული და ნაყინი
"ნაყინი სენდვიჩი ""თოლია"" კრემ-ბრიულე",14.0,9.0,27.0,255.0,1.8,,110000.0,0,ტკბილეული და ნაყინი
"ნაყინი ჭიქის ""თოლია"" ვანილის/კარამელით",13.0,8.0,26.0,235.0,1.2,,110000.0,0,ტკბილეული და ნაყინი
"ნაყინი საოჯახო ""თოლია"" ვანილი/შოკოლადი/კრემ-ბრულე",14.0,8.0,26.0,240.0,29.0,,5000000.0,0,ტკბილეული და ნაყინი
"ნაყინი საოჯახო ""თოლია"" ვანილის",11.0,7.0,23.0,200.0,7.8,,1000000.0,0,ტკბილეული და ნაყინი
"ნაყინი საოჯახო ""თოლია"" ვანილი/შოკოლადი",11.0,7.0,23.0,200.0,7.8,,1000000.0,0,ტკბილეული და ნაყინი
"ნაყინი საოჯახო ""თოლია"" კრემბრიულე",14.0,8.0,26.0,240.0,7.8,,1000000.0,0,ტკბილეული და ნაყინი
"ნაყინი საოჯახო ""თოლია"" შოკოლადის",14.0,8.0,26.0,245.0,7.8,,1000000.0,0,ტკბილეული და ნაყინი
"ნაყინი საოჯახო ""თოლია"" ვანილის",11.0,7.0,23.0,200.0,13.8,,2000000.0,0,ტკბილეული და ნაყინი
"ნაყინი საოჯახო ""თოლია"" ვანილის",11.0,7.0,23.0,200.0,29.0,,5000000.0,0,ტკბილეული და ნაყინი
"ნაყინი საოჯახო ""თოლია"" ვანილი/შოკოლადი",11.0,7.0,23.0,200.0,13.8,,2000000.0,0,ტკბილეული და ნაყინი
"ნაყინი საოჯახო ""თოლია"" ვანილი/შოკოლადი/მარწყვი",11.0,7.0,24.0,205.0,13.8,,2000000.0,0,ტკბილეული და ნაყინი
"ნაყინი საოჯახო ""თოლია"" ვანილის/მარწყვის ჯემით",11.0,7.0,23.0,200.0,7.8,,1000000.0,0,ტკბილეული და ნაყინი
"ნაყინი საოჯახო ""თოლია"" მარწყვი",10.0,6.0,22.0,195.0,7.8,,1000000.0,0,ტკბილეული და ნაყინი
ჰალვა მზესუმზირის „მააგ“,30.0,5.0,55.0,520.0,1.99,,200.0,0,ტკბილეული და ნაყინი
ჰალვა მზესუმზირის „მააგ“ არაქისით,35.0,7.0,50.0,540.0,2.8,,200.0,0,ტკბილეული და ნაყინი
"გოზინაყი მზესუმზირის ""აზოვი""",28.0,4.0,58.0,510.0,1.65,,150.0,0,ტკბილეული და ნაყინი
"რაჰათ-ლუქუმი ""აზოვი"" ხილის მიქსი",1.0,0.2,92.0,380.0,3.8,,200.0,0,ტკბილეული და ნაყინი
"გოზინაყი მზესუმზირის ""აზოვი"" ასორტი",29.0,5.0,56.0,515.0,3.99,,280.0,0,ტკბილეული და ნაყინი
"გოზინაყი მიწის თხილის ""სანდომი""",32.0,6.0,54.0,530.0,12.5,,500.0,0,ტკბილეული და ნაყინი
"ჰალვა მზესუმზირის დიაბეტური ""ხბფ"" ცარსკაია ფრუქტოზაზე",25.0,4.0,50.0,450.0,3.45,,180.0,0,ტკბილეული და ნაყინი
"მინი კრუასანი ""7 Days"" კაკაოს კრემით",22.0,10.0,55.0,430.0,2.6,,60.0,0,ტკბილეული და ნაყინი
"მინი კრუასანი ""7 Days"" კაკაოს კრემით",22.0,10.0,55.0,430.0,6.5,,185.0,0,ტკბილეული და ნაყინი
"მიდი კრუასანი ""7 Days"" ვანილის და კაკაოს კრემით",24.0,11.0,53.0,440.0,2.3,,60.0,0,ტკბილეული და ნაყინი
"მინი კრუასანი ""ჩიპიკაო"" კაკაოს კრემით",20.0,9.0,58.0,420.0,2.6,,60.0,0,ტკბილეული და ნაყინი
"მიდი კრუასანი ""ჩიპიკაო"" კაკაოს კრემით",20.0,9.0,58.0,420.0,2.3,,60.0,0,ტკბილეული და ნაყინი
"ზეფირი ""ბელო-როზოვი"" ვანილის და ჟოლოს გემოთი",1.5,0.5,85.0,370.0,5.45,,260.0,0,ტკბილეული და ნაყინი
"ნამცხვარი ""ტკბილი ქვეყანა"" მედოკი",25.0,12.0,60.0,480.0,9.95,,500.0,0,ტკბილეული და ნაყინი
"ნაზუქი ""ვინილი""",28.0,15.0,55.0,500.0,2.5,,330.0,0,ტკბილეული და ნაყინი
"ფახლავა ""ტიფლის ბაქლავა"" თურქული 12ც",26.0,18.0,52.0,460.0,10.99,,12.0,0,ტკბილეული და ნაყინი
"დუბაის ფახლავა ""ტიფლის ბაქლავა"" 2ც",27.0,20.0,50.0,470.0,9.95,,2.0,0,ტკბილეული და ნაყინი
"ღვინო თეთრი ""თელიანი ველი"" წინანდალი (მშრალი)",0,0,2.0,80.0,15.95,,750.0,0,სასმელები
"ღვინო თეთრი ""თელიანი ველი"" ალაზნის ველი",0,0,2.2,82.0,10.95,,750.0,0,სასმელები
ღვინო თეთრი „ვაზისა“ კლასიკური (მშრალი),0,0,1.8,78.0,17.95,,750.0,0,სასმელები
ღვინო ქარვისფერი „ვაზისა“ ქვევრი (მშრალი),0,0,2.5,85.0,18.95,,750.0,0,სასმელები
"ღვინო თეთრი ""თელიანი ველი"" მწვანე (მშრალი)",0,0,2.0,80.0,11.95,,750.0,0,სასმელები
ღვინო თეთრი „კიმელი“ რქაწითელი (მშრალი),0,0,2.0,79.0,14.95,,750.0,0,სასმელები
"ღვინო წითელი ""თელიანი ველი"" ალაზნის ველი (ნ/ტკბილი)",0,0,2.5,83.0,12.95,,750.0,0,სასმელები
"ღვინო წითელი ""თელიანი ველი"" ქინძმარაული (ნ/ტკბილი)",0,0,2.6,84.0,27.95,,750.0,0,სასმელები
"ღვინო წითელი ""თელიანი ველი"" საფერავი (მშრალი)",0,0,2.3,82.0,18.95,,750.0,0,სასმელები
ღვინო წითელი „ვაზისა“ საფერავი (მშრალი),0,0,2.3,82.0,19.95,,750.0,0,სასმელები
ღვინო წითელი „კიმელი“ ქინძმარაული (ნ/ტკბილი),0,0,2.8,85.0,19.95,,750.0,0,სასმელები
"ღვინო ცქრიალა ""მუხრანი"" კლასიკური (ბრუტი)",0,0,4.0,75.0,12.95,,750.0,0,სასმელები
"ღვინო ცქრიალა ""ფიორელი"" ფრაგოლინო ბიანკო 7%",0,0,3.5,72.0,14.95,,750.0,0,სასმელები
"ლუდი ""ბავარია"" (შუშა)",0,0,3.5,42.0,4.5,,500.0,0,სასმელები
"ლუდი ""ეფესი"" (შუშა)",0,0,3.6,43.0,5.3,,450.0,0,სასმელები
"არაყი ""სერებრიანი კუპაჟ"" 40%",0,0,10,231.0,14.95,,700.0,0,სასმელები
"არაყი ""ნემიროვი"" დელიკატი",0,0,10,230.0,24.95,,700.0,0,სასმელები
"ვისკი ""JACK DANIELS"" 40%",0,0,10,231.0,99.95,,700.0,0,სასმელები
"ვისკი ""JOHN JAMESON"" 40%",0,0,10,230.0,99.95,,700.0,0,სასმელები
"ვისკი ""Clan Macgregor"" 40%",0,0,10,231.0,49.95,,500,0,სასმელები
"ვისკი ""JOHNNIE WALKER"" წითელი 40%",0,0,10,231.0,47.95,,500.0,0,სასმელები
"ვისკი ""Clan Macgregor"" 40%",0,0,10,231.0,29.95,,500.0,0,სასმელები
"ვისკი ""JACK DANIELS"" Honey",0,0,0.5,235.0,99.95,,700.0,0,სასმელები
"ტეკილა ""Sierra"" სილვერი 38%",0,0,10,225.0,59.95,,700.0,0,სასმელები
"ჯინი ""Beefeater""",0,0,10,235.0,74.95,,700.0,0,სასმელები
"ლიქიორი ""BAILEY'S"" 17%",0,0,30.0,330.0,54.95,,500.0,0,სასმელები
"მარტინი ""BIANCO"" 16%",0,0,13.0,140.0,54.95,,500,0,სასმელები
"მარტინი ""BIANCO"" 16%",0,0,13.0,140.0,29.95,,500.0,0,სასმელები
"წყალი სასმელი ""ბაკურიანი"" ციტრუსი",0,0,10.0,40.0,1.6,,500.0,0,სასმელები
"ცივი ყავა ""MOON WALKER"" კაპუჩინო",0,0,14.0,55.0,3.95,,240000.0,0,სასმელები
"გამაგრილებელი სასმელი ""iCola""",0,0,10.6,42.0,0.99,,500.0,0,სასმელები
"გამაგრილებელი სასმელი ""iCola""",0,0,10.6,42.0,2.95,,2000.0,0,სასმელები
"გამაგრილებელი სასმელი ""პეპსი""",0,0,11.0,41.0,3.95,,2250.0,0,სასმელები
"გამაგრილებელი სასმელი ""პეპსი"" ბლექი",0,0,9.5,38.0,3.95,,2250.0,0,სასმელები
"გამაგრილებელი სასმელი ""პეპსი"" ლიმონი",0,0,10.0,40.0,1.75,,500.0,0,სასმელები
"ცივი ჩაი ""ლიპტონ"" ჟოლო",0,0,6.0,25.0,2.3,,500.0,0,სასმელები
"ლიმონათი ""ნატახტარი"" მსხალი",0,0,12.0,50.0,4.75,,2000.0,0,სასმელები
"ლიმონათი ""ნატახტარი"" ტარხუნა",0,0,12.0,48.0,4.75,,2000.0,0,სასმელები
"ლიმონათი ""ნატახტარი"" ლიმონი",0,0,12.5,49.0,3.15,,500,0,სასმელები
"ლიმონათი ""ნატახტარი"" ლიმონი",0,0,12.5,49.0,4.75,,2000.0,0,სასმელები
"ლიმონათი ""ბორჯომი"" მსხალი (შუშა)",0,0,12.0,48.0,3.45,,500.0,0,სასმელები
"ლიმონათი ""ნატახტარი"" მსხალი",0,0,12.0,50.0,3.15,,500,0,სასმელები
"ლიმონათი ""ნატახტარი"" ნაღები",2.5,20,12.0,48.0,4.75,,2000.0,0,სასმელები
"ლიმონათი ""ნატახტარი"" ნაღები",2.5,20,12.0,48.0,3.15,,500,0,სასმელები
"ლიმონათი ""ნატახტარი"" ტარხუნა",0,0,12.0,48.0,3.15,,500,0,სასმელები
"ლიმონათი ""ნატახტარი"" მსხალი 0 კალორიით",18,22,1.2,5.0,3.15,,500,0,სასმელები
"ლიმონათი ""ბორჯომი"" ტარხუნა (შუშა)",0,0,12.0,48.0,3.15,,500.0,0,სასმელები
ლიმონათი „ნატახტარი“ ფეიხოა,0,0,12.5,49.0,3.45,,500,0,სასმელები
"ლიმონათი ""ბორჯომი"" მსხალი",0,0,12.0,48.0,3.15,,330.0,0,სასმელები
"ლიმონათი ""ნატახტარი"" მსხალი (პეტი)",0,0,12.0,50.0,2.75,,500.0,0,სასმელები
"წვენი ""ჰოპი"" ბროწეული (ტეტრაპაკი)",0,0,11.0,45.0,1.99,,500,0,სასმელები
"წვენი ""აგუშა"" მსხალი (პაუჩი)",0,0,13.0,52.0,2.55,,200.0,0,სასმელები
"წვენი ""სანდორა"" ფორთოხალი-მანდარინი (ტეტრაპაკი)",0,0,12.0,48.0,2.1,,950.0,0,სასმელები
"წვენი ""სანდორა"" გრეიპფრუტი (ტეტრაპაკი)",0,0,10.0,42.0,5.95,,950.0,0,სასმელები
"წვენი ""აგუშა"" ვაშლი (პაუჩი)",0,0,11.5,46.0,5.95,,200.0,0,სასმელები
"წვენი ""აგუშა"" ვაშლი-ატამი (პაუჩი)",0,0,11.8,47.0,2.1,,200.0,0,სასმელები
"წვენი ""ლავი"" გარგარი (ტეტრაპაკი)",0,0,12.5,50.0,2.1,,500,0,სასმელები
"ენერგეტიკული სასმელი ""iENERGY""",0,0,11.0,45.0,3.75,,330.0,0,სასმელები
ენერგეტიკული სასმელი ”რედ ბულ”,0,0,11.0,45.0,1.2,,250.0,0,სასმელები
"ღვინო თეთრი ""ალავი"" კახური (მშრალი)",0,0,2.0,80.0,4.3,,500,0,სასმელები
"ღვინო თეთრი ""სმური"" კახური (მშრალი)",0,0,2.0,79.0,5.5,,750.0,0,სასმელები
"ღვინო თეთრი ""სმური"" ევროპული (მშრალი)",0,0,1.8,78.0,8.5,,750.0,0,სასმელები
ღვინო წითელი''გონაძე'' ხვანჭკარა (ნ/ტკბილი),0,0,2.6,84.0,39.95,,750.0,0,სასმელები
"ღვინო წითელი ""სმური"" საფერავი (მშრალი)",0,0,2.3,82.0,7.5,,750.0,0,სასმელები
"ღვინო წითელი ""სმური"" ალაზნის ველი (ტკბილი)",0,0,6.0,95.0,7.5,,750.0,0,სასმელები
"ღვინო თეთრი ""ალავი"" კახური (მშრალი)",0,0,2.0,80.0,29.95,,5000.0,0,სასმელები
"ღვინო ცქრიალა ""ბაგრატიონი"" კლასიკური (ნ/ტკბილი)",0,0,4.0,82.0,15.95,,750.0,0,სასმელები
"ღვინო ცქრიალა ""ბაგრატიონი"" კლასიკური (ნ/მშრალი)",0,0,3.0,78.0,15.95,,750.0,0,სასმელები
"ლუდი ""ნატახტარი"" ექსტრა 8% (ქილა)",0,0,5.0,55.0,4.95,,500.0,0,სასმელები
"ლუდი ""ქარვა"" (ქილა)",0,0,4.0,45.0,3.45,,500.0,0,სასმელები
"ლუდი ""ლოვენბრაუ"" (ქილა)",0,0,4.2,47.0,4.95,,500.0,0,სასმელები
"ლუდი ""შავი ლომი"" IPA (შუშა)",0,0,4.5,50.0,6.95,,500.0,0,სასმელები
"ლუდი ""ნატახტარი"" (ქილა)",0,0,3.5,42.0,4.3,,500.0,0,სასმელები
"ლუდი ""ეფეს"" (ქილა)",0,0,3.6,43.0,5.3,,500.0,0,სასმელები
"ლუდი ""ჰაინეკენი"" (ქილა)",0,0,3.5,42.0,5.4,,500.0,0,სასმელები
"ლუდი ""აილუდი"" (პეტი)",0,0,3.2,40.0,6.49,,2500.0,0,სასმელები
"ლუდი ""ლოვენბრაუ"" (პეტი)",0,0,4.2,47.0,16.25,,2500.0,0,სასმელები
"ლუდი ""ქარვა"" (პეტი)",0,0,4.0,45.0,15.3,,2500.0,0,სასმელები
"ლუდი ""კასრის"" (პეტი)",0,0,3.0,38.0,8.65,,1500.0,0,სასმელები
"ლუდი ""ნატახტარი"" (პეტი)",0,0,3.5,42.0,13.95,,2350.0,0,სასმელები
"ლუდი ""ლოვენბრაუ""",0,0,4.2,47.0,4.95,,500.0,0,სასმელები
"ლუდი ""კორონა"" ექსტრა",0,0,3.3,41.0,6.95,,355.0,0,სასმელები
"ლუდი ""ქარვა""",0,0,4.0,45.0,4.65,,500.0,0,სასმელები
"ლუდი ""ნატახტარი""",0,0,3.5,42.0,4.3,,500.0,0,სასმელები
"ლუდი ""ტაატი"" ნეიპა (შუშა)",0,0,4.5,48.0,6.95,,500.0,0,სასმელები
"ლუდი ""ბექსი"" (შუშა)",0,0,3.5,42.0,6.65,,500.0,0,სასმელები
"ლუდი ""კასრის""",0,0,3.0,38.0,4.3,,500.0,0,სასმელები
"ლუდი ""ჟიგული""",0,0,3.2,40.0,7.7,,900.0,0,სასმელები
"ლუდი ""ჰაინეკენი""",0,0,3.5,42.0,5.95,,500.0,0,სასმელები
"კოქტეილი ""შეიკი"" სექსი პლაჟზე",0,0,12.0,95.0,4.25,,330.0,0,სასმელები
"არაყი ""უროჟაი"" 40%",0,0,10,231.0,6.5,,250.0,0,სასმელები
"არაყი ""ხორტიცა"" აისი",0,0,10,230.0,22.95,,700.0,0,სასმელები
"არაყი ""სტოლიჩნაია""",0,0,10,231.0,34.95,,700.0,0,სასმელები
"არაყი ""ხორტიცა"" კლასიკი",0,0,10,230.0,20.95,,700.0,0,სასმელები
"არაყი ""უროჟაი"" 40%",0,0,10,231.0,8.99,,500.0,0,სასმელები
"არაყი ""აბსოლუტი"" ბლუ 40%",0,0,10,231.0,59.95,,500,0,სასმელები
"არაყი ""ფინლანდია"" 40%",0,0,10,231.0,59.95,,500,0,სასმელები
"არაყი ""სტოლიჩნაია"" ექსელენთი",0,0,10,231.0,39.95,,700.0,0,სასმელები
"არაყი ""ფინლანდია"" 40%",0,0,10,231.0,22.99,,500.0,0,სასმელები
"ბრენდი ""სარაჯიშვილი"" 3*",0,0,10,230.0,13.95,,200.0,0,სასმელები
"ბრენდი ""სარაჯიშვილი"" 3*",0,0,10,230.0,23.5,,500.0,0,სასმელები
"ბრენდი ""St-Remy"" VSOP 40%",0,0,10,231.0,47.95,,700.0,0,სასმელები
"ბრენდი ""სომხური სიმბოლო""",0,0,10,230.0,16.95,,500.0,0,სასმელები
"ვისკი ""Old Level"" წითელი 40%",0,0,10,231.0,19.99,,700.0,0,სასმელები
"ვისკი ""JOHNNIE WALKER"" წითელი 40%",0,0,10,231.0,84.95,,500,0,სასმელები
"ლიქიორი ""Jagermeister"" 35%",0,0,25.0,320.0,49.95,,500.0,0,სასმელები
"წყალი სასმელი ""ბაკურიანი""",0,0,10,40,1.0,,500.0,0,სასმელები
"წყალი სასმელი ""ჯეო ნატურა""",0,0,10,40,0.75,,500.0,0,სასმელები
"წყალი სასმელი ""ჯეო ნატურა""",0,0,10,40,1.65,,1500.0,0,სასმელები
"წყალი სასმელი ""ბაკურიანი"" ციდა",0,0,2.5,10.0,1.25,,330.0,0,სასმელები
"წყალი სასმელი ""ბაკურიანი""",0,0,10,40,1.9,,1500.0,0,სასმელები
"წყალი სასმელი ""ბაკურიანი"" ლიმონის",0,0,3.0,12.0,1.6,,500.0,0,სასმელები
"წყალი სასმელი ""ბახმარო""",0,0,10,40,5.95,,6000.0,0,სასმელები
"წყალი სასმელი ""ბაკურიანი""",0,0,10,40,4.2,,3000.0,0,სასმელები
"წყალი სასმელი ""ბაკურიანი""",0,0,10,40,5.95,,6000.0,0,სასმელები
"წყალი მინერალური ""ნაბეღლავი""",0,0,10,40,1.95,,500,0,სასმელები
"წყალი მინერალური ""ლიკანი""",0,0,10,40,1.75,,500,0,სასმელები
"წყალი მინერალური ""ლიკანი""",0,0,10,40,2.55,,1500.0,0,სასმელები
"წყალი მინერალური ""ბორჯომი""",0,0,10,40,2.3,,500,0,სასმელები
"წყალი მინერალური ""ნაბეღლავი""",0,0,10,40,1.5,,500.0,0,სასმელები
"წყალი მინერალური ""ლიკანი""",0,0,10,40,1.45,,600.0,0,სასმელები
"წყალი მინერალური ""ბორჯომი"" (შუშა)",0,0,10,40,2.6,,500.0,0,სასმელები
"წყალი მინერალური ""ბორჯომი""",0,0,10,40,1.65,,500.0,0,სასმელები
"წყალი მინერალური ""ბორჯომი"" (ქილა)",0,0,10,40,1.85,,330.0,0,სასმელები
"გამაგრილებელი სასმელი ""iFun""",0,0,9.5,38.0,0.99,,500.0,0,სასმელები
"მოჰიტო ""myMojito"" კლასიკი (პეტი)",0,0,11.0,45.0,0.99,,500000.0,0,სასმელები
"გამაგრილებელი სასმელი ""iFun""",0,0,9.5,38.0,2.95,,2000.0,0,სასმელები
"გამაგრილებელი სასმელი ""პეპსი"" ბლექი",0,0,9.5,38.0,1.75,,500.0,0,სასმელები
"გამაგრილებელი სასმელი ""პეპსი""",0,0,11.0,41.0,1.75,,500.0,0,სასმელები
"გამაგრილებელი სასმელი ""პეპსი"" (ქილა)",0,0,11.0,41.0,1.8,,330.0,0,სასმელები
"გამაგრილებელი სასმელი ""პეპსი""",0,0,11.0,41.0,0.95,,250.0,0,სასმელები
"გამაგრილებელი სასმელი ""პეპსი""",0,0,11.0,41.0,3.65,,1500.0,0,სასმელები
"გამაგრილებელი სასმელი ""მირინდა"" ფორთოხალი",0,0,10.5,42.0,3.65,,1500.0,0,სასმელები
"გამაგრილებელი სასმელი ""მირინდა"" მწვანე ვაშლი",0,0,10.0,40.0,1.75,,500.0,0,სასმელები
"გამაგრილებელი სასმელი ""მირინდა"" მწვანე ვაშლი",0,0,10.0,40.0,3.65,,1500.0,0,სასმელები
"ცივი ჩაი ""ლიპტონ"" ატამი",0,0,6.0,25.0,2.3,,500.0,0,სასმელები
"ლიმონათი ""ბორჯომი"" აჭარული მანდარინი",0,0,12.0,48.0,2.75,,330.0,0,სასმელები
"ლიმონათი ""ბორჯომი"" ტარხუნა",0,0,12.0,48.0,2.75,,330.0,0,სასმელები
"წვენი ""ჰოპი"" ალუბალი (ტეტრაპაკი)",0,0,11.0,45.0,2.55,,500,0,სასმელები
"წვენი ""ჰოპი"" ატამი (ტეტრაპაკი)",0,0,11.0,44.0,2.55,,500,0,სასმელები
"წვენი ""ლავი"" ალუბალი (ტეტრაპაკი)",0,0,11.5,46.0,1.0,,200.0,0,სასმელები
"წვენი ""ჰოპი"" ფორთოხალი (ტეტრაპაკი)",0,0,11.8,47.0,2.55,,500,0,სასმელები
"წვენი ""ლავი"" ალუბალი (ტეტრაპაკი)",0,0,11.5,46.0,3.75,,500,0,სასმელები
"წვენი ""ლავი"" ბროწეული (ტეტრაპაკი)",0,0,12.0,48.0,3.75,,500,0,სასმელები
"წვენი ""ჰოპი"" ალოე ვერა",0,0,10.0,42.0,2.49,,500.0,0,სასმელები
"წვენი ""სანდორა""ატამი(ტეტრაპაკი)",0,0,11.0,44.0,2.2,,250.0,0,სასმელები
"წვენი ""ლავი"" ატმის ნექტარი (ტეტრაპაკი)",0,0,13.0,52.0,1.0,,200.0,0,სასმელები
"წვენი ""ლავი"" ხილის ნექტარი (ტეტრაპაკი)",0,0,12.5,50.0,1.0,,200.0,0,სასმელები
"წვენი ""სანდორა"" ბროწეული და არონია(ტეტრაპაკი)",0,0,11.8,47.0,5.95,,950.0,0,სასმელები
"წვენი ""სანდორა"" ალუბალი",0,0,11.5,46.0,2.2,,250.0,0,სასმელები
"წვენი ""სანდორა"" ვაშლი",0,0,11.5,46.0,5.95,,950.0,0,სასმელები
"წვენი ""სანდორა"" ალუბალი",0,0,11.5,46.0,5.95,,950.0,0,სასმელები
"წვენი ""სანდორა"" ატამი",0,0,11.0,44.0,5.95,,950.0,0,სასმელები
"წვენი ""სანდორა"" მანგო (ტეტრაპაკი)",0,0,12.5,50.0,5.95,,950.0,0,სასმელები
"წვენი ""სანდორა"" მულტიხილი",0,0,12.0,48.0,5.95,,950.0,0,სასმელები
"წვენი ""მუნ ბერი"" ალოე ვერა",0,0,10.0,40.0,2.5,,500.0,0,სასმელები
"ენერგეტიკული სასმელი ""ბუმ ფაიარ""",0,0,11.0,45.0,1.8,,330.0,0,სასმელები
